id,Radiation
0,893.82
1,1224.36
2,1.24
3,7.13
4,1.2
5,540.16
6,1.26
7,1.25
8,759.63
9,87.21
10,718.59
11,1.22
12,1.22
13,1.27
14,111.12
15,1.24
16,634.56
17,1.32
18,2.11
19,1.27
20,805.22
21,3.28
22,708.76
23,482.71
24,79.36
25,1.28
26,1.24
27,1.54
28,2.15
29,17.78
30,1.24
31,454.56
32,1.18
33,1.26
34,2.67
35,223.25
36,311.5
37,1.26
38,457.4
39,1.24
40,2.41
41,1.18
42,8.65
43,1.25
44,2.06
45,216.9
46,251.53
47,677.78
48,801.32
49,1.3
50,309.27
51,11.66
52,49.75
53,1.24
54,1.21
55,754.32
56,1.23
57,678.74
58,1.21
59,1.24
60,998.96
61,1.22
62,887.84
63,1.26
64,1.24
65,1.22
66,1.27
67,91.34
68,1.23
69,164.02
70,1.17
71,80.65
72,1.22
73,905.5
74,100.13
75,1.23
76,1.25
77,249.83
78,5.38
79,6.64
80,21.5
81,237.18
82,1.23
83,1.21
84,1.2
85,559.98
86,1.22
87,1.27
88,159.68
89,1.23
90,972.88
91,1.24
92,129.61
93,1.17
94,1.23
95,803.03
96,1.24
97,1.24
98,2.05
99,3.36
100,1.2
101,1.26
102,1.23
103,230.9
104,1.23
105,156.79
106,1.25
107,1.23
108,1.26
109,5.07
110,136.33
111,1.21
112,5.52
113,447.93
114,923.64
115,5.43
116,1.2
117,105.92
118,1.26
119,315.15
120,25.66
121,1.25
122,767.42
123,825.92
124,859.69
125,24.93
126,1.25
127,1.31
128,1.21
129,913.54
130,1.23
131,962.54
132,264.57
133,1.18
134,1048.48
135,746.84
136,1.26
137,1.21
138,1.26
139,1.22
140,21.44
141,419.04
142,1.15
143,828.68
144,583.99
145,1.23
146,320.35
147,326.71
148,1.18
149,1.3
150,317.77
151,1.22
152,687.26
153,121.9
154,274.04
155,2.57
156,809.31
157,1.21
158,905.5
159,1047.37
160,593.8
161,923.16
162,1.24
163,2.75
164,551.73
165,220.53
166,101.07
167,1.28
168,446.54
169,19.24
170,974.54
171,54.01
172,394.94
173,1.27
174,246.18
175,1.23
176,1.27
177,183.62
178,3.06
179,327.4
180,1.22
181,6.22
182,4.3
183,349.18
184,1.23
185,29.04
186,1.28
187,813.95
188,1.16
189,2.64
190,1.18
191,1049.49
192,1.19
193,1.23
194,1.24
195,1.26
196,1.25
197,1.69
198,1111.97
199,203.43
200,627.9
201,1.25
202,9.63
203,1.24
204,754.32
205,849.55
206,142.58
207,1.28
208,905.76
209,98.3
210,648.41
211,444.61
212,1.2
213,1.17
214,365.57
215,1.16
216,1.22
217,154.72
218,1081.87
219,1.23
220,5.72
221,1.24
222,1.22
223,806.23
224,1.22
225,1.25
226,10.24
227,10.12
228,1.24
229,1.94
230,1.23
231,204.57
232,934.39
233,1.26
234,1.3
235,805.71
236,90.67
237,1.25
238,1.25
239,1.21
240,1.23
241,7.38
242,1.22
243,407.0
244,594.86
245,232.81
246,1.21
247,2.32
248,1.18
249,893.82
250,247.85
251,1.22
252,1.23
253,145.36
254,1.29
255,396.97
256,1.2
257,468.58
258,1.24
259,1.22
260,1.23
261,92.24
262,624.21
263,14.19
264,1.2
265,1.3
266,695.94
267,853.58
268,1.24
269,1.22
270,1.26
271,560.0
272,1.22
273,2.67
274,2.27
275,1.22
276,837.48
277,1.25
278,1.25
279,1.2
280,1.18
281,3.39
282,840.36
283,126.75
284,1.23
285,1.24
286,41.01
287,273.59
288,216.32
289,361.79
290,1.23
291,48.84
292,10.13
293,2.4
294,1.2
295,1.23
296,1.22
297,97.6
298,1.21
299,2.29
300,1.19
301,130.82
302,1.18
303,1.2
304,2.58
305,1.23
306,1.22
307,1.24
308,1.23
309,939.58
310,851.16
311,833.97
312,1.24
313,3.07
314,1.18
315,816.98
316,845.54
317,81.41
318,1.23
319,148.06
320,1.27
321,90.99
322,1.25
323,1.26
324,1.22
325,328.19
326,2.09
327,530.64
328,29.91
329,1.23
330,2.89
331,1.23
332,1.18
333,1.19
334,10.5
335,1.19
336,1.26
337,1.2
338,1.18
339,1.24
340,98.3
341,126.49
342,1.22
343,30.68
344,1.28
345,724.16
346,64.77
347,1.22
348,1.28
349,1.26
350,1.26
351,1.23
352,521.11
353,1.27
354,1.22
355,1.27
356,1.21
357,1.71
358,491.31
359,5.4
360,1.25
361,1.23
362,207.06
363,1.21
364,890.05
365,452.64
366,301.15
367,1.22
368,416.16
369,2.87
370,28.18
371,1.21
372,14.56
373,1.21
374,1.22
375,1.25
376,2.25
377,40.76
378,141.29
379,1.2
380,1.23
381,33.31
382,556.98
383,5.28
384,1.21
385,1.2
386,105.35
387,1.24
388,59.74
389,643.54
390,1.23
391,1.24
392,1.2
393,947.94
394,597.11
395,11.27
396,1.2
397,172.33
398,108.87
399,840.72
400,1.23
401,884.59
402,1.24
403,439.4
404,754.81
405,545.99
406,1.21
407,1.81
408,597.11
409,1.19
410,357.36
411,407.31
412,1.24
413,1.23
414,1.51
415,377.11
416,10.12
417,509.23
418,175.07
419,1.22
420,1.23
421,1.19
422,191.37
423,1.23
424,3.08
425,729.87
426,78.73
427,347.24
428,1.17
429,1.22
430,14.62
431,283.09
432,663.4
433,889.95
434,1.23
435,441.06
436,307.74
437,2.61
438,1.19
439,1.21
440,239.52
441,1.21
442,277.24
443,956.88
444,1.23
445,1.28
446,396.11
447,1.18
448,801.32
449,1.23
450,1.22
451,234.62
452,145.36
453,2.05
454,1.22
455,292.16
456,1.2
457,465.01
458,921.13
459,1.23
460,1.27
461,843.06
462,1.23
463,1.21
464,14.62
465,39.23
466,1.19
467,84.74
468,21.36
469,366.76
470,838.62
471,931.81
472,1.23
473,1021.24
474,1.19
475,1.23
476,1.21
477,396.72
478,1.23
479,1.23
480,1.23
481,819.52
482,17.23
483,1.2
484,747.74
485,1.19
486,1.2
487,446.54
488,626.2
489,856.67
490,130.69
491,1.21
492,597.86
493,1.23
494,919.32
495,1.26
496,1.2
497,1.88
498,3.01
499,299.84
500,23.6
501,1.2
502,1.22
503,1.18
504,1.23
505,1.21
506,2.85
507,1.25
508,1.23
509,536.68
510,930.17
511,1.23
512,541.17
513,1.22
514,1.22
515,4.4
516,59.04
517,1.25
518,444.03
519,812.93
520,204.77
521,1.25
522,447.29
523,726.72
524,928.49
525,927.16
526,368.03
527,1.24
528,1.32
529,7.71
530,2.92
531,1068.08
532,1.24
533,65.04
534,1.68
535,1.27
536,1.23
537,1.27
538,1006.1
539,773.13
540,965.2
541,1012.71
542,1009.68
543,1.2
544,404.42
545,1.25
546,10.12
547,750.51
548,1.21
549,1.22
550,1.22
551,916.6
552,56.3
553,1.24
554,52.4
555,665.27
556,302.64
557,1.22
558,418.15
559,1.21
560,1.63
561,66.97
562,206.52
563,1.23
564,101.35
565,1.25
566,2.04
567,391.23
568,275.24
569,1.26
570,652.97
571,1.18
572,45.2
573,1.29
574,1.22
575,1.22
576,1.21
577,1.25
578,852.09
579,1.21
580,120.64
581,159.98
582,1.25
583,1.2
584,1.23
585,848.34
586,206.78
587,858.85
588,1.21
589,1.92
590,1.22
591,763.69
592,2.69
593,1.22
594,853.48
595,17.72
596,599.61
597,91.43
598,145.27
599,1.2099999999999997
600,289.97
601,899.81
602,932.64
603,72.22
604,1.24
605,337.85
606,1.18
607,1.27
608,1.18
609,1.22
610,905.76
611,1.2
612,324.77
613,664.75
614,1.3
615,214.32
616,817.53
617,1.2
618,37.42
619,1.24
620,461.23
621,842.28
622,204.52
623,398.47
624,994.08
625,892.21
626,1.29
627,1.23
628,1.22
629,619.35
630,1.19
631,858.85
632,1.3
633,736.56
634,1.26
635,1.24
636,1016.9
637,1.2
638,72.14
639,3.93
640,1.29
641,24.33
642,2.02
643,1.22
644,3.83
645,1315.46
646,1.23
647,1.19
648,887.32
649,494.5
650,1.23
651,1.21
652,1014.15
653,458.81
654,552.81
655,19.51
656,179.62
657,217.59
658,1138.21
659,257.49
660,1.21
661,2.67
662,1.2
663,1.19
664,198.5
665,99.19
666,1.23
667,1.29
668,1.18
669,133.33
670,1039.39
671,59.19
672,1.22
673,1.26
674,1027.27
675,966.25
676,1.26
677,868.3
678,1.23
679,884.0
680,1.19
681,1.23
682,2.42
683,1.24
684,393.17
685,76.03
686,311.98
687,937.09
688,142.58
689,1.22
690,1.52
691,5.14
692,70.11
693,1.23
694,1.19
695,6.23
696,1.19
697,1.24
698,887.47
699,1.21
700,79.5
701,1.25
702,1.19
703,256.24
704,22.19
705,1.21
706,1.28
707,1.22
708,1.24
709,1.21
710,1.21
711,1.21
712,1.21
713,933.15
714,385.5
715,113.31
716,1.24
717,1.26
718,1.24
719,26.61
720,47.05
721,875.9
722,1.19
723,1.22
724,1.19
725,842.19
726,517.13
727,1.23
728,516.77
729,626.45
730,1.2
731,587.37
732,104.52
733,1.15
734,1.19
735,294.81
736,908.7
737,180.06
738,1.2
739,1.22
740,1.18
741,1.21
742,337.74
743,8.9
744,1.2
745,657.19
746,1.21
747,1.19
748,635.72
749,1.22
750,1.22
751,1.25
752,84.78
753,252.0
754,1.2
755,1.26
756,1.52
757,20.21
758,1.19
759,1.23
760,1.2
761,204.31
762,261.18
763,1.18
764,79.87
765,347.85
766,3.45
767,203.43
768,1.26
769,262.44
770,190.26
771,1.22
772,1.24
773,5.96
774,1.2
775,427.69
776,1.18
777,1.22
778,2.68
779,761.4
780,1.24
781,162.99
782,50.32
783,612.34
784,1.23
785,117.37
786,203.43
787,355.89
788,159.9
789,1.64
790,1.22
791,17.48
792,1.24
793,908.64
794,1.73
795,858.85
796,1.2
797,522.64
798,98.47
799,1.2
800,24.33
801,1.99
802,1.26
803,1.21
804,698.67
805,1.22
806,1.23
807,1.72
808,669.05
809,30.75
810,1.21
811,210.1
812,1.24
813,1.2
814,24.78
815,1.16
816,28.27
817,636.29
818,378.41
819,1.2
820,1.19
821,840.19
822,1.18
823,3.43
824,65.86
825,1.2
826,1.21
827,1.24
828,386.77
829,1.22
830,17.87
831,26.36
832,1.21
833,19.98
834,2.01
835,1.21
836,517.86
837,538.92
838,802.7
839,1.22
840,233.02
841,421.02
842,10.02
843,1.2
844,1.2
845,247.85
846,1.2
847,17.21
848,159.9
849,1.25
850,136.33
851,1080.42
852,7.11
853,1.25
854,116.45
855,29.49
856,22.43
857,447.36
858,1.22
859,1.25
860,1058.52
861,167.44
862,355.18
863,1.22
864,203.61
865,1.25
866,1.21
867,1.23
868,1.21
869,1.26
870,494.5
871,112.93
872,506.95
873,124.49
874,692.49
875,40.35
876,2.72
877,1.22
878,1.21
879,1.28
880,350.54
881,1.25
882,17.24
883,619.35
884,1.25
885,1.25
886,1.19
887,1.22
888,13.43
889,996.12
890,1.21
891,1.24
892,1.19
893,63.59
894,1.2
895,2.21
896,1.17
897,1.26
898,355.57
899,14.57
900,1.2
901,315.09
902,1.23
903,1.28
904,1.23
905,390.29
906,899.44
907,1.26
908,6.86
909,1.27
910,1.23
911,1.2
912,1.22
913,465.5
914,324.19
915,866.43
916,1067.72
917,1.2
918,1.21
919,1.2
920,86.87
921,72.37
922,1.28
923,22.19
924,1.25
925,37.09
926,1.22
927,1.2
928,24.93
929,174.5
930,1.21
931,15.25
932,528.08
933,246.68
934,3.73
935,1.21
936,1.2
937,1.24
938,1.18
939,16.89
940,845.77
941,801.32
942,296.11
943,1.22
944,427.74
945,1.24
946,3.37
947,4.43
948,15.56
949,1.44
950,1.25
951,1.27
952,1.23
953,1.23
954,65.73
955,1.23
956,2.37
957,1.29
958,744.17
959,1.22
960,1.28
961,87.9
962,34.35
963,262.97
964,1.3
965,1.23
966,6.23
967,1.2
968,150.5
969,307.74
970,787.85
971,1.27
972,1011.93
973,1.22
974,1.21
975,116.43
976,1.17
977,1.49
978,1.23
979,170.67
980,1.21
981,174.27
982,288.55
983,1.23
984,3.28
985,340.78
986,600.11
987,1.19
988,42.44
989,166.44
990,528.97
991,1.25
992,827.64
993,873.95
994,1.23
995,1.17
996,1.21
997,1.2
998,848.96
999,170.13
1000,76.03
1001,1.28
1002,287.88
1003,169.41
1004,1039.52
1005,481.31
1006,1.23
1007,997.9
1008,713.16
1009,1.31
1010,797.69
1011,982.95
1012,124.9
1013,454.87
1014,1.3
1015,143.21
1016,1.31
1017,1.31
1018,1.27
1019,23.47
1020,1.24
1021,435.05
1022,5.83
1023,34.66
1024,934.76
1025,1.2
1026,1.22
1027,1.19
1028,1.63
1029,1.24
1030,61.32
1031,2.55
1032,1.23
1033,447.7
1034,745.57
1035,1.22
1036,1.18
1037,562.64
1038,886.26
1039,1.19
1040,730.74
1041,12.8
1042,426.08
1043,1.24
1044,953.16
1045,1.18
1046,378.5
1047,1.88
1048,274.43
1049,322.64
1050,1.24
1051,267.26
1052,1.21
1053,1.24
1054,406.8
1055,1.19
1056,1.25
1057,1.21
1058,871.49
1059,848.96
1060,1.22
1061,11.25
1062,56.48
1063,1.24
1064,615.65
1065,942.71
1066,339.93
1067,1.22
1068,1.21
1069,1.27
1070,13.75
1071,1.27
1072,1.22
1073,1.19
1074,510.85
1075,2.3
1076,112.93
1077,1.29
1078,1.24
1079,1.25
1080,42.44
1081,1.29
1082,509.44
1083,51.11
1084,79.53
1085,1.2
1086,79.07
1087,1.27
1088,331.96
1089,1040.14
1090,2.0
1091,1182.66
1092,1.24
1093,957.58
1094,971.68
1095,1.21
1096,1.2
1097,1.28
1098,1.22
1099,1.27
1100,1.13
1101,30.04
1102,1.2
1103,1.22
1104,1.25
1105,638.8
1106,303.69
1107,1.21
1108,747.74
1109,37.44
1110,1.21
1111,901.32
1112,109.73
1113,754.32
1114,1.26
1115,1.23
1116,1.21
1117,546.26
1118,5.72
1119,309.27
1120,1.19
1121,3.39
1122,11.36
1123,1.24
1124,1.23
1125,1.22
1126,130.4
1127,1.25
1128,533.9
1129,1108.61
1130,1.21
1131,836.07
1132,1.24
1133,1.27
1134,1.2
1135,312.93
1136,2.81
1137,1.23
1138,1.28
1139,1.23
1140,1.58
1141,1016.63
1142,583.99
1143,64.09
1144,305.91
1145,392.71
1146,997.13
1147,1.27
1148,586.62
1149,1.23
1150,6.66
1151,1.23
1152,1.53
1153,1.2
1154,247.89
1155,1.28
1156,591.96
1157,735.96
1158,107.49
1159,800.3
1160,24.93
1161,1.2
1162,1.21
1163,1.21
1164,282.85
1165,1.26
1166,1.26
1167,20.72
1168,1.31
1169,1.25
1170,415.18
1171,1.31
1172,873.16
1173,1.22
1174,511.34
1175,435.19
1176,1.22
1177,628.0
1178,1.25
1179,1.26
1180,1.21
1181,1.2099999999999997
1182,1.25
1183,10.12
1184,1.23
1185,1.23
1186,1.23
1187,198.71
1188,1.3
1189,1.29
1190,689.45
1191,1144.62
1192,479.49
1193,1.22
1194,17.03
1195,1.23
1196,1.23
1197,1.23
1198,1.23
1199,2.42
1200,238.33
1201,825.95
1202,260.27
1203,815.19
1204,1.23
1205,1.2
1206,1.28
1207,283.12
1208,1.25
1209,7.6
1210,1.24
1211,1.22
1212,885.51
1213,36.59
1214,1.24
1215,6.64
1216,2.36
1217,1.22
1218,1.22
1219,4.59
1220,1.27
1221,235.29
1222,1.22
1223,445.25
1224,91.12
1225,1.19
1226,1.19
1227,1.24
1228,52.95
1229,722.4
1230,852.64
1231,243.04
1232,1.16
1233,1.23
1234,283.85
1235,994.46
1236,1.23
1237,1.22
1238,679.71
1239,75.01
1240,72.14
1241,2.12
1242,149.24
1243,67.19
1244,1.31
1245,723.74
1246,1.21
1247,1.24
1248,1.2
1249,1.23
1250,2.71
1251,168.45
1252,1.2
1253,1.2
1254,1.28
1255,1.24
1256,1.23
1257,1.29
1258,203.28
1259,59.04
1260,581.88
1261,7.14
1262,68.78
1263,1.24
1264,677.48
1265,562.06
1266,942.78
1267,1.2
1268,1.21
1269,297.21
1270,324.7
1271,987.14
1272,460.3
1273,642.27
1274,456.62
1275,147.3
1276,298.55
1277,2.15
1278,1.24
1279,285.67
1280,60.84
1281,1.24
1282,5.83
1283,1.24
1284,169.16
1285,1.22
1286,1.26
1287,1.21
1288,2.42
1289,588.95
1290,522.21
1291,1.2
1292,1.2
1293,2.25
1294,840.19
1295,4.64
1296,293.73
1297,579.66
1298,1.2
1299,2.69
1300,16.16
1301,456.36
1302,1.21
1303,1.2
1304,224.86
1305,2.47
1306,3.0
1307,308.04
1308,422.48
1309,1.24
1310,1.25
1311,836.56
1312,1.22
1313,1.21
1314,1.18
1315,27.22
1316,719.08
1317,451.7
1318,51.82
1319,228.68
1320,368.73
1321,1.23
1322,1.23
1323,1.22
1324,160.92
1325,1.21
1326,368.1
1327,870.22
1328,1.2
1329,1.24
1330,727.78
1331,1.25
1332,229.42
1333,30.05
1334,1.19
1335,1.2099999999999997
1336,829.26
1337,1.24
1338,2.67
1339,2.15
1340,1.25
1341,1.25
1342,1.23
1343,471.57
1344,1.24
1345,633.14
1346,1.22
1347,2.85
1348,1.23
1349,378.5
1350,1.21
1351,1.22
1352,262.6
1353,1.23
1354,1.21
1355,494.18
1356,2.89
1357,265.17
1358,18.09
1359,2.99
1360,1.17
1361,986.5
1362,64.86
1363,907.2
1364,1.34
1365,2.4
1366,611.2
1367,812.75
1368,1.24
1369,401.86
1370,947.58
1371,578.31
1372,1.22
1373,1.21
1374,170.97
1375,9.16
1376,1.21
1377,1.23
1378,1.23
1379,1.22
1380,21.79
1381,1.2
1382,428.76
1383,194.64
1384,1.2
1385,1.23
1386,1078.24
1387,1.22
1388,746.96
1389,49.75
1390,1.29
1391,1.24
1392,63.95
1393,1.21
1394,849.5
1395,1.25
1396,1.2
1397,1.24
1398,9.21
1399,30.11
1400,934.76
1401,1.23
1402,1.26
1403,964.75
1404,308.85
1405,1031.85
1406,1.24
1407,1.21
1408,1.24
1409,7.21
1410,1.23
1411,1.23
1412,1.18
1413,1.28
1414,1.2
1415,1.23
1416,1.22
1417,37.09
1418,846.5
1419,533.65
1420,435.67
1421,791.38
1422,388.88
1423,121.9
1424,1039.81
1425,905.51
1426,1.2
1427,80.93
1428,1.21
1429,141.29
1430,461.23
1431,309.52
1432,305.91
1433,1.18
1434,76.3
1435,1.24
1436,4.9
1437,1.32
1438,1.2
1439,264.5
1440,61.36
1441,1.25
1442,919.32
1443,280.12
1444,45.18
1445,1.25
1446,1.22
1447,422.8
1448,1.25
1449,305.94
1450,2.51
1451,1.24
1452,277.96
1453,302.95
1454,1.23
1455,79.28
1456,91.34
1457,87.17
1458,67.19
1459,1.28
1460,11.19
1461,1.26
1462,931.88
1463,1.23
1464,1.21
1465,2.03
1466,1.22
1467,836.67
1468,3.89
1469,1224.36
1470,266.4
1471,1.26
1472,1.24
1473,940.05
1474,1.21
1475,1.24
1476,21.03
1477,906.65
1478,1004.33
1479,947.94
1480,4.38
1481,1.22
1482,1.48
1483,367.41
1484,1.17
1485,181.6
1486,572.89
1487,2.92
1488,2.24
1489,15.61
1490,1.24
1491,756.48
1492,1.55
1493,907.9
1494,1.24
1495,372.56
1496,1.27
1497,60.67
1498,1.2
1499,278.95
1500,319.61
1501,1.17
1502,1.25
1503,82.49
1504,215.21
1505,855.77
1506,1.43
1507,423.57
1508,1.23
1509,166.26
1510,1.21
1511,1.22
1512,273.04
1513,640.6
1514,1.22
1515,1.22
1516,772.24
1517,940.12
1518,459.74
1519,79.25
1520,421.87
1521,2.44
1522,1.23
1523,1.23
1524,1.18
1525,746.84
1526,361.22
1527,226.97
1528,617.61
1529,23.42
1530,1.25
1531,439.4
1532,35.34
1533,144.64
1534,203.49
1535,654.64
1536,455.53
1537,1.18
1538,1.24
1539,1.51
1540,1.22
1541,1.23
1542,893.84
1543,1.22
1544,172.33
1545,1.24
1546,1.28
1547,883.03
1548,752.16
1549,994.46
1550,786.06
1551,166.27
1552,1.22
1553,93.63
1554,85.35
1555,3.76
1556,125.31
1557,804.32
1558,566.79
1559,1.23
1560,1.23
1561,470.47
1562,908.7
1563,1.23
1564,2.65
1565,1.2
1566,523.17
1567,1.27
1568,2.54
1569,1.25
1570,1.23
1571,1.25
1572,1.23
1573,606.99
1574,1.21
1575,1.21
1576,1.24
1577,1.2
1578,1.17
1579,1.25
1580,125.56
1581,1.27
1582,1.23
1583,1.2
1584,297.93
1585,791.78
1586,1.22
1587,1.24
1588,384.71
1589,1.25
1590,1.26
1591,1.72
1592,841.21
1593,1.24
1594,898.2
1595,1.29
1596,1.2
1597,1.23
1598,2.5
1599,1039.55
1600,166.27
1601,2.08
1602,240.34
1603,1.24
1604,1.23
1605,1.22
1606,1.25
1607,55.21
1608,1.23
1609,1.24
1610,1.24
1611,1.25
1612,1.18
1613,1.23
1614,98.7
1615,1.25
1616,629.29
1617,2.66
1618,131.35
1619,533.01
1620,47.77
1621,460.31
1622,1.24
1623,1.25
1624,1.21
1625,1.23
1626,1.24
1627,1.22
1628,15.75
1629,1.19
1630,1.26
1631,904.87
1632,66.41
1633,1.29
1634,1.23
1635,197.1
1636,173.29
1637,1.19
1638,915.85
1639,16.21
1640,416.92
1641,136.59
1642,2.71
1643,1.2
1644,475.59
1645,1.24
1646,1.24
1647,1.19
1648,612.0
1649,370.97
1650,2.01
1651,1.24
1652,74.65
1653,1.23
1654,160.03
1655,92.21
1656,568.56
1657,682.76
1658,1.2
1659,1030.66
1660,1.24
1661,1.25
1662,672.54
1663,981.47
1664,51.03
1665,301.35
1666,23.63
1667,1.23
1668,1.22
1669,1.18
1670,647.32
1671,1.21
1672,9.09
1673,127.26
1674,1.24
1675,1.24
1676,381.17
1677,384.65
1678,665.14
1679,1.21
1680,906.32
1681,1.19
1682,1.33
1683,1.26
1684,1.19
1685,1007.71
1686,98.47
1687,400.64
1688,1.2
1689,1.19
1690,5.55
1691,1.23
1692,1.25
1693,77.66
1694,921.91
1695,1.22
1696,2.47
1697,322.54
1698,138.13
1699,19.51
1700,135.43
1701,1.19
1702,2.69
1703,115.07
1704,633.76
1705,1.24
1706,544.65
1707,1.21
1708,1.22
1709,1.28
1710,1.22
1711,1.21
1712,1.2
1713,363.03
1714,5.79
1715,1.22
1716,10.57
1717,1.27
1718,823.47
1719,1.26
1720,1.2
1721,22.83
1722,1.23
1723,843.1
1724,1.25
1725,1.22
1726,1.29
1727,1.22
1728,1.24
1729,1.3
1730,507.45
1731,127.28
1732,67.14
1733,1.24
1734,1.21
1735,1.24
1736,298.35
1737,608.83
1738,713.03
1739,1.26
1740,51.11
1741,1.22
1742,323.33
1743,1.29
1744,2.15
1745,1.19
1746,4.78
1747,1.22
1748,1.21
1749,278.69
1750,1.2
1751,342.54
1752,336.31
1753,581.88
1754,3.28
1755,253.68
1756,994.11
1757,973.68
1758,676.68
1759,421.02
1760,1.24
1761,3.18
1762,1.22
1763,1.24
1764,407.96
1765,378.41
1766,1.2
1767,1.21
1768,864.55
1769,1.31
1770,83.1
1771,1.2
1772,116.14
1773,19.49
1774,1.27
1775,1.2
1776,2.59
1777,983.0
1778,1.21
1779,2.61
1780,1.27
1781,109.58
1782,2.73
1783,1.23
1784,1.23
1785,1.2
1786,44.07
1787,85.35
1788,710.57
1789,169.8
1790,1.22
1791,804.04
1792,1.23
1793,1.23
1794,950.52
1795,1.27
1796,46.2
1797,1.29
1798,669.63
1799,250.57
1800,9.14
1801,5.56
1802,596.93
1803,874.68
1804,1.2
1805,399.75
1806,804.49
1807,1.23
1808,169.84
1809,1.15
1810,1.21
1811,1.23
1812,904.44
1813,499.53
1814,1.19
1815,1.22
1816,2.31
1817,28.42
1818,1.25
1819,708.76
1820,1.28
1821,1.3
1822,1.2
1823,682.68
1824,1.21
1825,1.23
1826,851.16
1827,1.28
1828,613.69
1829,314.1
1830,2.31
1831,1.26
1832,396.06
1833,1.22
1834,620.43
1835,533.46
1836,564.73
1837,1.25
1838,1.21
1839,84.24
1840,99.69
1841,2.3
1842,33.03
1843,880.28
1844,571.85
1845,805.84
1846,1.32
1847,289.96
1848,1.21
1849,546.26
1850,16.32
1851,1.24
1852,7.31
1853,1.72
1854,1.27
1855,1.25
1856,3.0
1857,1.2
1858,1.21
1859,290.67
1860,1.19
1861,939.42
1862,90.83
1863,747.74
1864,1.26
1865,969.36
1866,1078.33
1867,2.97
1868,1.25
1869,1.2
1870,45.2
1871,1.22
1872,1.27
1873,13.34
1874,214.8
1875,1.23
1876,1.2
1877,920.08
1878,2.11
1879,19.34
1880,218.23
1881,1.21
1882,150.61
1883,182.23
1884,1.2
1885,1.21
1886,18.9
1887,2.19
1888,1.23
1889,1031.01
1890,148.06
1891,1.24
1892,641.69
1893,1.19
1894,30.62
1895,1.22
1896,1.21
1897,1.21
1898,905.59
1899,1.64
1900,1.22
1901,2.24
1902,933.34
1903,982.99
1904,1.22
1905,1.2
1906,1.22
1907,1.22
1908,1.29
1909,856.06
1910,568.24
1911,1.22
1912,1073.58
1913,30.11
1914,551.67
1915,9.94
1916,1.23
1917,1.22
1918,1.23
1919,1.21
1920,1243.14
1921,1.23
1922,1.22
1923,1.21
1924,4.18
1925,1.22
1926,1.21
1927,1.23
1928,125.58
1929,1.31
1930,308.85
1931,849.5
1932,1.2
1933,387.08
1934,1.27
1935,1.24
1936,1.2
1937,1.23
1938,943.99
1939,320.13
1940,524.18
1941,1.24
1942,1.29
1943,1.23
1944,1.17
1945,1.23
1946,19.5
1947,121.33
1948,775.25
1949,1.22
1950,1.26
1951,919.28
1952,1.18
1953,1.22
1954,361.68
1955,1.24
1956,1.27
1957,401.14
1958,1.25
1959,2.33
1960,1.22
1961,1.24
1962,1.27
1963,390.71
1964,1.2
1965,804.03
1966,906.92
1967,57.67
1968,1.19
1969,443.82
1970,650.82
1971,1.23
1972,906.32
1973,1.96
1974,1.21
1975,1.24
1976,995.95
1977,145.89
1978,57.18
1979,1.19
1980,1.23
1981,2.14
1982,434.32
1983,1.2
1984,19.69
1985,1.27
1986,1.19
1987,1.22
1988,1.24
1989,696.84
1990,1.3
1991,3.06
1992,416.41
1993,597.39
1994,1.23
1995,19.8
1996,449.58
1997,1.22
1998,1.27
1999,1.26
2000,78.35
2001,866.65
2002,429.39
2003,323.49
2004,1.26
2005,17.37
2006,148.86
2007,458.26
2008,1.2
2009,1.2
2010,1014.15
2011,483.37
2012,1.24
2013,1.18
2014,267.3
2015,1.24
2016,198.02
2017,1.23
2018,382.78
2019,394.94
2020,1.21
2021,966.15
2022,1.18
2023,256.24
2024,1.21
2025,570.81
2026,9.55
2027,292.22
2028,988.66
2029,1.25
2030,1.23
2031,1.23
2032,1.18
2033,1.23
2034,2.62
2035,1.2
2036,776.36
2037,216.69
2038,1.5
2039,277.5
2040,24.38
2041,1.19
2042,1.21
2043,35.18
2044,1.23
2045,1.91
2046,85.48
2047,1.25
2048,155.63
2049,396.03
2050,1.16
2051,1.24
2052,1.2
2053,2.89
2054,1008.62
2055,599.0
2056,1.23
2057,856.97
2058,7.02
2059,1.3
2060,1.22
2061,953.0
2062,1.24
2063,1.21
2064,1.25
2065,1.21
2066,22.97
2067,359.65
2068,1.21
2069,99.43
2070,508.25
2071,477.17
2072,142.11
2073,1056.02
2074,130.45
2075,1.22
2076,1.23
2077,1.22
2078,10.25
2079,1.2
2080,1.31
2081,490.27
2082,515.07
2083,446.9
2084,1.21
2085,1.2
2086,1.2
2087,36.56
2088,1254.94
2089,221.45
2090,133.14
2091,5.83
2092,628.13
2093,82.39
2094,1.24
2095,1009.16
2096,2.12
2097,1.24
2098,748.26
2099,1.18
2100,1.22
2101,1.18
2102,570.94
2103,373.35
2104,1.23
2105,1.19
2106,807.5
2107,865.56
2108,1.19
2109,1.2
2110,650.82
2111,2.0
2112,1.23
2113,827.57
2114,282.85
2115,576.14
2116,6.15
2117,1.31
2118,1.24
2119,1.25
2120,214.15
2121,1.23
2122,1.23
2123,1.24
2124,425.48
2125,89.03
2126,1050.8
2127,159.98
2128,120.87
2129,1.22
2130,1.47
2131,1.2
2132,254.44
2133,3.14
2134,1.23
2135,116.23
2136,1.2
2137,412.8
2138,1.26
2139,813.08
2140,113.1
2141,65.11
2142,461.6
2143,2.41
2144,812.86
2145,244.05
2146,1.21
2147,1.27
2148,1.25
2149,1.22
2150,446.14
2151,1.2
2152,1.2
2153,1.19
2154,1.23
2155,1.18
2156,1064.11
2157,1079.95
2158,69.24
2159,1.22
2160,1.5
2161,1.24
2162,246.18
2163,2.78
2164,1.15
2165,1.22
2166,1.25
2167,1.25
2168,1.26
2169,1.28
2170,935.12
2171,1.17
2172,9.56
2173,1.24
2174,1.23
2175,1.2
2176,1147.7
2177,880.28
2178,944.46
2179,1.22
2180,15.91
2181,707.53
2182,53.25
2183,1050.79
2184,196.88
2185,1013.32
2186,1.26
2187,930.2
2188,1.28
2189,7.6
2190,1.22
2191,1.18
2192,939.42
2193,1.25
2194,1.21
2195,1.22
2196,1.31
2197,1.23
2198,1.23
2199,1.18
2200,1.21
2201,898.6
2202,419.84
2203,908.41
2204,106.76
2205,934.09
2206,920.85
2207,612.34
2208,1.3
2209,1.22
2210,387.11
2211,301.35
2212,280.19
2213,21.36
2214,1.26
2215,275.24
2216,1.51
2217,1.24
2218,909.61
2219,1.28
2220,66.07
2221,1.19
2222,214.39
2223,954.87
2224,1.18
2225,1.23
2226,2.08
2227,169.13
2228,2.14
2229,1.24
2230,116.7
2231,305.94
2232,1.27
2233,1.18
2234,1.22
2235,422.42
2236,1.24
2237,596.49
2238,339.47
2239,1.24
2240,1.29
2241,55.31
2242,1.21
2243,1.2
2244,1.22
2245,1.23
2246,827.4
2247,687.7
2248,387.08
2249,1.27
2250,9.45
2251,2.22
2252,708.03
2253,1.25
2254,1.24
2255,1.24
2256,1.2
2257,152.95
2258,419.29
2259,1.23
2260,1.27
2261,1.26
2262,799.73
2263,756.48
2264,1.24
2265,16.52
2266,1.25
2267,4.11
2268,1.19
2269,1.23
2270,1.21
2271,2.53
2272,4.43
2273,723.31
2274,24.68
2275,1.22
2276,1.18
2277,1.19
2278,1.27
2279,102.57
2280,29.42
2281,13.31
2282,458.26
2283,1.2
2284,1.3
2285,1.32
2286,1.18
2287,223.25
2288,30.11
2289,939.1
2290,884.75
2291,832.23
2292,956.88
2293,843.42
2294,10.12
2295,1.26
2296,960.54
2297,3.71
2298,396.31
2299,724.06
2300,1.26
2301,203.38
2302,1.24
2303,65.88
2304,679.58
2305,413.77
2306,68.63
2307,1.22
2308,618.52
2309,8.06
2310,1.22
2311,545.1
2312,637.93
2313,8.9
2314,1.2
2315,1.2
2316,938.67
2317,267.77
2318,1.2
2319,1.24
2320,1.17
2321,112.29
2322,482.71
2323,1.8
2324,899.44
2325,1.22
2326,533.56
2327,1.22
2328,1.24
2329,1.19
2330,931.92
2331,309.52
2332,1.28
2333,6.15
2334,1.26
2335,319.88
2336,17.96
2337,8.92
2338,1.33
2339,1.23
2340,634.83
2341,294.59
2342,877.56
2343,1.22
2344,1007.71
2345,1.17
2346,1.27
2347,356.92
2348,35.95
2349,85.74
2350,1.31
2351,1.24
2352,1.19
2353,320.66
2354,331.69
2355,197.58
2356,2.06
2357,262.72
2358,207.06
2359,22.95
2360,1.22
2361,1.26
2362,1.22
2363,1.32
2364,1.29
2365,1.24
2366,892.33
2367,597.86
2368,1.24
2369,216.78
2370,47.58
2371,116.21
2372,1.2
2373,874.3
2374,1.21
2375,1.21
2376,1.25
2377,469.23
2378,79.94
2379,1.24
2380,410.92
2381,67.4
2382,1.23
2383,744.61
2384,3.2
2385,3.08
2386,106.9
2387,1.19
2388,1.26
2389,99.43
2390,111.87
2391,1.26
2392,14.86
2393,735.96
2394,1.23
2395,1.24
2396,210.75
2397,551.96
2398,92.92
2399,2.38
2400,1.24
2401,1.19
2402,1236.32
2403,984.61
2404,44.47
2405,260.0
2406,1.25
2407,235.56
2408,1182.66
2409,164.42
2410,1.33
2411,1.22
2412,1.22
2413,25.26
2414,195.17
2415,1.22
2416,1.25
2417,129.04
2418,1.25
2419,522.64
2420,565.38
2421,1.27
2422,210.41
2423,179.66
2424,64.65
2425,1.22
2426,1.21
2427,1.22
2428,1.27
2429,1.26
2430,2.68
2431,1.25
2432,1.23
2433,29.04
2434,879.67
2435,1.2
2436,1.2
2437,935.12
2438,22.19
2439,184.96
2440,1.18
2441,1.24
2442,392.38
2443,61.36
2444,1.19
2445,1.2
2446,241.36
2447,417.55
2448,1.2
2449,1.21
2450,841.46
2451,30.79
2452,125.83
2453,1.25
2454,2.17
2455,1.25
2456,1.29
2457,295.55
2458,1.24
2459,51.93
2460,374.12
2461,1063.62
2462,571.85
2463,1.19
2464,2.01
2465,831.71
2466,1.25
2467,1.21
2468,887.84
2469,1.19
2470,1.26
2471,1.21
2472,1.24
2473,107.36
2474,564.66
2475,483.37
2476,4.16
2477,18.03
2478,1.26
2479,1.21
2480,378.5
2481,1.23
2482,868.3
2483,1.23
2484,1.51
2485,174.27
2486,7.84
2487,30.1
2488,1.25
2489,1.24
2490,419.47
2491,84.78
2492,1.25
2493,1.24
2494,501.28
2495,1.72
2496,39.76
2497,275.14
2498,1018.05
2499,1.2
2500,546.26
2501,1.23
2502,892.93
2503,18.06
2504,1.22
2505,1.26
2506,16.52
2507,1.21
2508,1.24
2509,1.2
2510,1.22
2511,1.26
2512,691.94
2513,130.61
2514,1.8
2515,336.46
2516,3.24
2517,2.54
2518,50.37
2519,184.43
2520,1.26
2521,100.31
2522,2.84
2523,1.2
2524,1.23
2525,1.21
2526,123.55
2527,1.23
2528,38.41
2529,1.25
2530,5.76
2531,502.03
2532,1.24
2533,1.22
2534,1.22
2535,1.2
2536,1.22
2537,5.73
2538,771.17
2539,1023.4
2540,26.52
2541,1.23
2542,869.89
2543,941.42
2544,1.39
2545,1.25
2546,1.25
2547,986.79
2548,1.23
2549,3.24
2550,740.63
2551,932.38
2552,532.48
2553,1.2
2554,1.18
2555,5.04
2556,318.1
2557,29.13
2558,280.91
2559,300.25
2560,1.23
2561,1.19
2562,1.24
2563,833.46
2564,59.15
2565,855.89
2566,1.21
2567,1.2
2568,497.62
2569,1.22
2570,963.72
2571,1.24
2572,1.25
2573,2.78
2574,788.03
2575,64.29
2576,898.76
2577,771.67
2578,696.68
2579,1155.24
2580,987.64
2581,469.01
2582,465.91
2583,335.75
2584,1.26
2585,830.5
2586,425.48
2587,280.91
2588,1.2
2589,1.22
2590,1.23
2591,1.29
2592,7.33
2593,873.95
2594,959.19
2595,1073.56
2596,256.51
2597,65.88
2598,1.22
2599,11.44
2600,1.23
2601,178.18
2602,94.97
2603,1.23
2604,14.03
2605,1.25
2606,1.21
2607,354.18
2608,458.26
2609,734.56
2610,1.79
2611,251.39
2612,1.24
2613,1.21
2614,1.18
2615,2.2
2616,1057.69
2617,612.0
2618,1.24
2619,446.14
2620,991.51
2621,1.2099999999999997
2622,1.28
2623,1.22
2624,58.95
2625,281.87
2626,170.63
2627,449.72
2628,2.04
2629,1.25
2630,10.34
2631,445.3
2632,241.12
2633,1.24
2634,1.22
2635,1.2
2636,461.23
2637,165.27
2638,832.06
2639,922.4
2640,220.87
2641,1.2
2642,1.25
2643,402.82
2644,1.2
2645,1056.42
2646,530.14
2647,1.26
2648,646.14
2649,606.72
2650,4.86
2651,1.24
2652,607.84
2653,195.95
2654,644.69
2655,1.3
2656,1.19
2657,35.97
2658,42.66
2659,189.1
2660,1.24
2661,321.34
2662,1.21
2663,133.46
2664,672.41
2665,502.59
2666,1.22
2667,884.59
2668,1.22
2669,848.96
2670,61.16
2671,216.32
2672,66.41
2673,2.35
2674,2.09
2675,1.26
2676,1.19
2677,513.21
2678,1.13
2679,1.28
2680,8.46
2681,177.55
2682,3.08
2683,2.16
2684,1.21
2685,1.23
2686,1.27
2687,1.28
2688,813.08
2689,501.65
2690,2.58
2691,1.32
2692,1.21
2693,15.4
2694,1179.95
2695,253.41
2696,881.11
2697,385.0
2698,1.25
2699,43.42
2700,1.19
2701,650.12
2702,1.19
2703,12.62
2704,1.21
2705,669.05
2706,1.26
2707,1.21
2708,1.52
2709,1.85
2710,908.28
2711,279.35
2712,238.79
2713,1.22
2714,738.86
2715,1.24
2716,786.14
2717,775.25
2718,322.54
2719,1.23
2720,1.19
2721,3.14
2722,760.9
2723,1.18
2724,1.21
2725,1.22
2726,3.59
2727,1.25
2728,1.23
2729,881.36
2730,1.19
2731,355.57
2732,869.48
2733,1.18
2734,1.23
2735,1.2
2736,17.72
2737,790.82
2738,529.8
2739,676.7
2740,1.24
2741,1.24
2742,1.26
2743,334.32
2744,1.3
2745,842.92
2746,117.63
2747,1.2
2748,244.43
2749,63.34
2750,5.22
2751,1.22
2752,1.26
2753,1042.58
2754,305.67
2755,1.2
2756,1.18
2757,919.41
2758,380.8
2759,1.25
2760,228.14
2761,1.19
2762,933.34
2763,1.26
2764,1.24
2765,44.96
2766,1.24
2767,919.32
2768,1.19
2769,2.93
2770,1.23
2771,1.23
2772,1.25
2773,1.26
2774,1.19
2775,1.25
2776,984.61
2777,583.99
2778,2.01
2779,3.22
2780,713.32
2781,318.78
2782,1.21
2783,2.25
2784,393.86
2785,1.21
2786,1.19
2787,1.28
2788,2.14
2789,1.22
2790,56.11
2791,429.72
2792,1.23
2793,437.46
2794,1.21
2795,1.25
2796,1.29
2797,1003.23
2798,3.25
2799,1.23
2800,1.25
2801,1.18
2802,1.23
2803,332.64
2804,170.24
2805,37.44
2806,82.52
2807,229.61
2808,376.78
2809,1.22
2810,1.23
2811,1.21
2812,46.2
2813,81.85
2814,1.26
2815,3.76
2816,1.27
2817,18.09
2818,145.01
2819,1.24
2820,14.55
2821,981.22
2822,190.01
2823,1.16
2824,1.24
2825,682.04
2826,266.91
2827,1.21
2828,94.71
2829,290.67
2830,1006.77
2831,249.42
2832,1.21
2833,1007.75
2834,30.62
2835,429.72
2836,984.86
2837,1.24
2838,1.22
2839,1.22
2840,1.26
2841,52.36
2842,1.2
2843,1.21
2844,97.2
2845,46.51
2846,81.08
2847,2.06
2848,1.19
2849,1.2
2850,1.22
2851,218.23
2852,1.25
2853,844.53
2854,1.24
2855,1.26
2856,474.21
2857,1.21
2858,1.22
2859,294.28
2860,3.73
2861,315.61
2862,1.27
2863,1.27
2864,278.98
2865,1.2
2866,1.21
2867,951.05
2868,964.75
2869,258.77
2870,55.0
2871,1.22
2872,1.22
2873,1.2
2874,1.27
2875,148.27
2876,730.98
2877,129.92
2878,1.2
2879,784.81
2880,2.28
2881,1.22
2882,1.27
2883,1.23
2884,34.65
2885,1.84
2886,1.21
2887,11.5
2888,1.23
2889,1.25
2890,3.64
2891,874.25
2892,205.52
2893,1.22
2894,20.14
2895,1.19
2896,1.27
2897,1.27
2898,1.22
2899,1.23
2900,9.66
2901,92.36
2902,24.85
2903,1.14
2904,1.21
2905,1.2
2906,1.26
2907,256.63
2908,287.02
2909,1.24
2910,160.28
2911,844.55
2912,6.5
2913,881.39
2914,1.22
2915,1.21
2916,1.21
2917,1.23
2918,1.23
2919,13.34
2920,1.24
2921,66.97
2922,120.87
2923,1.25
2924,234.93
2925,1.2
2926,2.06
2927,1.22
2928,406.29
2929,1.27
2930,1.23
2931,611.2
2932,787.22
2933,1.22
2934,1.26
2935,1.22
2936,1.26
2937,1.23
2938,1.23
2939,1.21
2940,1.21
2941,2.97
2942,1.28
2943,783.02
2944,1.27
2945,1.19
2946,1.28
2947,8.26
2948,1.22
2949,1.23
2950,191.79
2951,2.3
2952,944.14
2953,544.06
2954,1.23
2955,841.14
2956,1.22
2957,1.23
2958,597.11
2959,1.18
2960,1.2
2961,2.4
2962,1.25
2963,321.9
2964,2.54
2965,1.22
2966,1.27
2967,942.14
2968,1.26
2969,576.08
2970,1.21
2971,1.22
2972,248.66
2973,881.45
2974,8.38
2975,240.43
2976,198.31
2977,1.23
2978,370.33
2979,3.71
2980,1.26
2981,1.21
2982,269.82
2983,1.24
2984,1.17
2985,2.21
2986,1.24
2987,919.28
2988,465.9
2989,1.27
2990,860.9
2991,1.21
2992,1.2
2993,37.42
2994,852.97
2995,30.11
2996,200.12
2997,1.22
2998,591.1
2999,759.63
3000,2.71
3001,988.13
3002,788.52
3003,7.18
3004,1.16
3005,803.76
3006,140.47
3007,1058.52
3008,1.23
3009,795.65
3010,1.19
3011,1.26
3012,1.14
3013,1.23
3014,4.67
3015,1.2
3016,1.8
3017,1.33
3018,761.18
3019,459.68
3020,909.16
3021,1.24
3022,1.88
3023,51.45
3024,2.58
3025,2.37
3026,1.25
3027,3.03
3028,238.33
3029,266.33
3030,871.72
3031,842.92
3032,1.24
3033,60.84
3034,321.69
3035,1.24
3036,1.9
3037,1.21
3038,1.2
3039,1.34
3040,958.67
3041,1.19
3042,5.51
3043,1.21
3044,894.9
3045,1.21
3046,674.96
3047,394.97
3048,1.2
3049,1.24
3050,984.4
3051,6.5
3052,1.23
3053,436.9
3054,1138.21
3055,1.24
3056,294.95
3057,733.29
3058,185.21
3059,600.11
3060,1.22
3061,678.74
3062,218.21
3063,297.1
3064,1.2
3065,1.22
3066,578.19
3067,1.93
3068,717.54
3069,771.6
3070,77.89
3071,1.22
3072,842.28
3073,1.22
3074,161.06
3075,1.28
3076,1.23
3077,1.3
3078,35.82
3079,1.24
3080,1.23
3081,20.0
3082,247.89
3083,1.25
3084,3.24
3085,1.25
3086,1.26
3087,15.75
3088,1.88
3089,887.84
3090,703.07
3091,12.91
3092,1.27
3093,1.22
3094,965.2
3095,1.25
3096,858.27
3097,369.96
3098,1.27
3099,1.3
3100,1.28
3101,1.27
3102,234.38
3103,1.23
3104,1.24
3105,1121.0
3106,1.32
3107,1.23
3108,153.8
3109,860.83
3110,988.98
3111,1.22
3112,1.27
3113,1.2
3114,10.77
3115,1.29
3116,3.21
3117,79.41
3118,1.24
3119,114.64
3120,602.23
3121,1.26
3122,15.72
3123,250.86
3124,239.76
3125,876.46
3126,479.24
3127,1.24
3128,1.26
3129,727.78
3130,64.13
3131,780.58
3132,1.2
3133,1.23
3134,75.46
3135,849.89
3136,247.21
3137,612.65
3138,461.6
3139,682.68
3140,1.32
3141,1.25
3142,1.25
3143,934.09
3144,596.23
3145,899.44
3146,841.59
3147,13.02
3148,850.81
3149,4.03
3150,923.64
3151,10.42
3152,4.94
3153,1.25
3154,1.22
3155,648.41
3156,1.75
3157,48.37
3158,207.06
3159,1.73
3160,638.58
3161,300.94
3162,313.43
3163,1.25
3164,1.2
3165,22.19
3166,803.35
3167,1.22
3168,857.34
3169,167.76
3170,104.4
3171,3.46
3172,1.23
3173,1.18
3174,20.34
3175,806.13
3176,1.89
3177,1.74
3178,1.19
3179,100.89
3180,1.29
3181,226.45
3182,7.14
3183,1.21
3184,579.31
3185,70.77
3186,1.26
3187,1.22
3188,88.25
3189,1.23
3190,1.25
3191,2.08
3192,34.66
3193,96.75
3194,1.25
3195,4.78
3196,1.18
3197,1.22
3198,25.31
3199,1.23
3200,1.18
3201,1.29
3202,1.16
3203,1.24
3204,1.27
3205,1.23
3206,1.21
3207,2.28
3208,1.22
3209,917.65
3210,1.2
3211,622.58
3212,1.27
3213,38.15
3214,336.31
3215,130.6
3216,3.46
3217,1.22
3218,860.77
3219,15.64
3220,1.21
3221,1.28
3222,19.1
3223,43.06
3224,1.27
3225,1.21
3226,107.22
3227,58.83
3228,149.45
3229,370.97
3230,790.08
3231,315.77
3232,2.69
3233,142.81
3234,1.24
3235,1.24
3236,1.2
3237,20.53
3238,1.18
3239,1.17
3240,1.66
3241,135.66
3242,1.23
3243,1.2
3244,1.22
3245,848.95
3246,1.19
3247,1.54
3248,8.09
3249,1.29
3250,1.2
3251,1.22
3252,79.47
3253,698.63
3254,17.69
3255,1.26
3256,916.47
3257,382.21
3258,1.21
3259,1.49
3260,1.22
3261,899.46
3262,1.27
3263,1.2
3264,1.23
3265,786.09
3266,13.74
3267,1.24
3268,1.21
3269,1.2
3270,1.22
3271,1.23
3272,1.65
3273,48.97
3274,1.22
3275,1.23
3276,300.77
3277,1.21
3278,358.57
3279,1.21
3280,17.43
3281,679.73
3282,1.18
3283,18.41
3284,1.26
3285,131.86
3286,1.2
3287,1.2
3288,1.19
3289,107.21
3290,1.24
3291,658.63
3292,204.79
3293,5.4
3294,363.51
3295,323.49
3296,1.23
3297,746.54
3298,850.41
3299,447.36
3300,1.27
3301,420.95
3302,1.2
3303,879.92
3304,234.04
3305,1.24
3306,1154.65
3307,1.2
3308,1.24
3309,45.68
3310,765.08
3311,881.45
3312,111.12
3313,560.04
3314,1.25
3315,1.23
3316,1.19
3317,1.94
3318,13.02
3319,1.25
3320,1.25
3321,1.27
3322,1.22
3323,1.25
3324,112.29
3325,1.25
3326,7.31
3327,1.21
3328,9.63
3329,1.23
3330,1.2
3331,1.2
3332,560.35
3333,840.08
3334,1.24
3335,1.24
3336,1.22
3337,812.64
3338,888.02
3339,744.19
3340,2.46
3341,4.33
3342,1.25
3343,1.23
3344,1.26
3345,416.92
3346,1.24
3347,82.41
3348,1.21
3349,1.24
3350,22.51
3351,1.2
3352,833.47
3353,1.25
3354,487.59
3355,111.82
3356,18.58
3357,530.68
3358,936.49
3359,1.22
3360,1.22
3361,262.72
3362,814.53
3363,1.22
3364,752.48
3365,844.53
3366,1.22
3367,159.22
3368,1.21
3369,817.74
3370,2.19
3371,120.43
3372,320.98
3373,1.25
3374,554.97
3375,909.72
3376,7.68
3377,362.65
3378,1.21
3379,1.23
3380,1.26
3381,1.22
3382,17.52
3383,263.89
3384,1071.32
3385,87.17
3386,3.39
3387,27.67
3388,204.47
3389,1.25
3390,1.2
3391,1.22
3392,155.49
3393,1.26
3394,197.32
3395,925.65
3396,1.21
3397,551.96
3398,36.56
3399,1.22
3400,1.24
3401,986.69
3402,906.0
3403,1.18
3404,1.22
3405,1.25
3406,1.2
3407,1.2
3408,1.26
3409,709.33
3410,79.72
3411,19.51
3412,392.71
3413,383.73
3414,220.87
3415,1.24
3416,4.05
3417,1.21
3418,971.25
3419,462.95
3420,1.2
3421,1.24
3422,1.44
3423,1.24
3424,19.49
3425,1.19
3426,1.25
3427,1067.04
3428,369.96
3429,3.83
3430,1.24
3431,8.26
3432,16.97
3433,1.22
3434,784.09
3435,953.14
3436,1.19
3437,1.75
3438,1.25
3439,9.09
3440,5.22
3441,5.01
3442,1.75
3443,1.24
3444,58.83
3445,148.79
3446,1.25
3447,41.09
3448,1.18
3449,539.84
3450,1.32
3451,1.24
3452,1.24
3453,1206.19
3454,828.68
3455,74.21
3456,216.69
3457,223.77
3458,483.37
3459,481.89
3460,1.23
3461,1.23
3462,1.21
3463,599.57
3464,250.06
3465,1.22
3466,1.18
3467,124.61
3468,246.06
3469,259.68
3470,1.19
3471,1.19
3472,29.79
3473,24.68
3474,715.01
3475,1.21
3476,820.16
3477,1.27
3478,422.37
3479,1.89
3480,477.05
3481,744.08
3482,1.25
3483,127.07
3484,817.31
3485,775.25
3486,1.23
3487,1.23
3488,525.3
3489,878.69
3490,1013.3
3491,1.24
3492,611.72
3493,1.21
3494,620.59
3495,1.23
3496,1.22
3497,513.86
3498,1.2
3499,1.22
3500,1072.67
3501,953.16
3502,628.24
3503,1.18
3504,893.86
3505,1.23
3506,1052.18
3507,445.73
3508,239.76
3509,1111.97
3510,945.49
3511,387.26
3512,1.21
3513,1.21
3514,52.56
3515,1.23
3516,1.24
3517,1.23
3518,1.2
3519,1.25
3520,175.1
3521,467.49
3522,191.79
3523,1.16
3524,2.67
3525,1.26
3526,1.23
3527,2.25
3528,416.28
3529,97.18
3530,1.27
3531,20.73
3532,788.29
3533,1.21
3534,277.24
3535,1.23
3536,5.06
3537,939.58
3538,1.18
3539,159.22
3540,1.23
3541,1.24
3542,1064.07
3543,1.21
3544,1.24
3545,102.6
3546,153.76
3547,919.32
3548,482.41
3549,612.96
3550,7.43
3551,1.21
3552,694.95
3553,923.69
3554,769.35
3555,1.21
3556,962.54
3557,160.04
3558,1.28
3559,41.94
3560,1.23
3561,192.81
3562,1.2
3563,1.24
3564,1.32
3565,1.21
3566,968.01
3567,1.18
3568,1.24
3569,1.23
3570,1.23
3571,1.21
3572,902.24
3573,2.3
3574,1.23
3575,1.18
3576,1.25
3577,739.49
3578,468.14
3579,1.23
3580,1.62
3581,1.23
3582,1.26
3583,1.21
3584,65.25
3585,1.18
3586,1.27
3587,1.19
3588,1.22
3589,395.29
3590,280.28
3591,443.71
3592,53.47
3593,1.22
3594,458.26
3595,1.2
3596,144.64
3597,536.66
3598,2.35
3599,24.43
3600,325.35
3601,1.19
3602,2.19
3603,1.24
3604,1.29
3605,560.0
3606,63.48
3607,1.24
3608,469.9
3609,14.69
3610,1.22
3611,1.24
3612,1.17
3613,1.25
3614,68.63
3615,1.19
3616,423.9
3617,420.95
3618,958.31
3619,1.97
3620,424.84
3621,52.56
3622,907.72
3623,7.68
3624,344.9
3625,591.15
3626,1.27
3627,1.16
3628,494.05
3629,18.03
3630,13.96
3631,1.23
3632,1.18
3633,798.15
3634,1.18
3635,1.22
3636,1.21
3637,1.22
3638,189.97
3639,1.17
3640,1.24
3641,1.22
3642,1.22
3643,1.23
3644,1.2
3645,1063.76
3646,1.19
3647,1021.12
3648,1.28
3649,55.21
3650,1.18
3651,1045.27
3652,28.18
3653,906.65
3654,1.23
3655,1.24
3656,1045.27
3657,1.24
3658,18.99
3659,66.16
3660,1.21
3661,3.37
3662,1.21
3663,1.26
3664,264.75
3665,1.2
3666,1.23
3667,513.8
3668,777.65
3669,3.44
3670,1.2
3671,44.09
3672,1.22
3673,158.15
3674,1.24
3675,828.01
3676,1.22
3677,433.56
3678,1.29
3679,1.19
3680,1.28
3681,672.54
3682,1.21
3683,356.2
3684,237.22
3685,1.26
3686,1.2
3687,9.27
3688,1.22
3689,1.23
3690,1.25
3691,2.66
3692,1.2
3693,1.2
3694,602.58
3695,1.21
3696,1.23
3697,503.77
3698,1.24
3699,1.24
3700,1.21
3701,1.23
3702,1.23
3703,1.23
3704,1.2
3705,1.22
3706,1.81
3707,1.25
3708,1.21
3709,1.22
3710,1.16
3711,734.35
3712,1.69
3713,1006.46
3714,1.24
3715,1.23
3716,556.8
3717,1.22
3718,94.97
3719,842.03
3720,584.49
3721,1.23
3722,283.09
3723,633.76
3724,978.08
3725,1.23
3726,116.14
3727,102.6
3728,1.23
3729,20.13
3730,1.19
3731,1.19
3732,1.22
3733,380.56
3734,2.59
3735,143.21
3736,556.8
3737,1.19
3738,1.19
3739,445.51
3740,1.18
3741,1.25
3742,63.47
3743,42.92
3744,2.42
3745,1078.24
3746,283.09
3747,503.78
3748,14.9
3749,874.91
3750,759.59
3751,1.26
3752,1.2
3753,694.92
3754,265.69
3755,561.9
3756,888.22
3757,13.15
3758,1.21
3759,1.19
3760,3.54
3761,107.28
3762,1.54
3763,1.19
3764,35.95
3765,960.25
3766,1.27
3767,2.14
3768,783.14
3769,98.7
3770,1.18
3771,1.23
3772,1.22
3773,435.7
3774,1.25
3775,1.22
3776,1.25
3777,1.19
3778,1.21
3779,79.36
3780,6.03
3781,1.18
3782,1.21
3783,1.22
3784,1.27
3785,1.25
3786,198.58
3787,1.24
3788,3.04
3789,885.92
3790,391.23
3791,3.98
3792,1.27
3793,141.22
3794,1.23
3795,1.22
3796,341.74
3797,431.37
3798,1.63
3799,2.58
3800,1.23
3801,581.57
3802,655.67
3803,318.12
3804,1.23
3805,1.2
3806,2.02
3807,706.97
3808,356.92
3809,935.31
3810,1.21
3811,2.87
3812,1.21
3813,88.39
3814,1.25
3815,3.44
3816,1.23
3817,3.42
3818,2.49
3819,1.18
3820,19.05
3821,1.21
3822,8.81
3823,265.44
3824,39.68
3825,160.03
3826,124.49
3827,1.23
3828,1.24
3829,211.67
3830,1.19
3831,1.32
3832,1.23
3833,1.25
3834,1.18
3835,277.96
3836,1.24
3837,1.18
3838,1028.1
3839,168.87
3840,1.29
3841,1.24
3842,564.66
3843,29.0
3844,1.18
3845,593.8
3846,437.94
3847,341.09
3848,160.92
3849,672.65
3850,1.24
3851,1.21
3852,1.2
3853,1.22
3854,1.23
3855,810.26
3856,1.48
3857,1.25
3858,1.18
3859,328.24
3860,562.24
3861,1.2
3862,1.22
3863,5.55
3864,1.22
3865,1.23
3866,483.16
3867,16.54
3868,1.23
3869,1.32
3870,1.2
3871,434.19
3872,1.5
3873,1.22
3874,1.22
3875,1.86
3876,2.29
3877,181.23
3878,620.35
3879,66.15
3880,538.79
3881,32.06
3882,46.2
3883,2.1
3884,1.21
3885,687.23
3886,1.23
3887,1.21
3888,1.19
3889,876.46
3890,48.28
3891,909.47
3892,793.02
3893,1.22
3894,1.24
3895,17.38
3896,60.3
3897,1.25
3898,10.9
3899,1.27
3900,1.2
3901,260.27
3902,1.24
3903,217.2
3904,822.03
3905,744.17
3906,378.1
3907,1.25
3908,133.81
3909,1.2
3910,70.74
3911,1.24
3912,173.92
3913,452.75
3914,129.04
3915,1.21
3916,336.56
3917,1.18
3918,15.62
3919,37.09
3920,1.19
3921,1.22
3922,861.11
3923,1061.0
3924,24.42
3925,956.88
3926,909.16
3927,1009.16
3928,971.68
3929,1.27
3930,1.26
3931,1.23
3932,2.06
3933,6.69
3934,1.22
3935,222.75
3936,980.84
3937,1.24
3938,432.44
3939,13.43
3940,1.18
3941,396.8
3942,7.17
3943,13.96
3944,24.43
3945,525.3
3946,1.21
3947,1.25
3948,1.23
3949,1.2
3950,1.23
3951,452.37
3952,788.01
3953,12.92
3954,57.0
3955,1.19
3956,616.29
3957,1.24
3958,2.17
3959,1.22
3960,1.24
3961,57.37
3962,1.89
3963,1.22
3964,1.21
3965,126.24
3966,1.23
3967,1.23
3968,941.88
3969,1.23
3970,1.2
3971,1.22
3972,1.23
3973,2.43
3974,1.21
3975,1.21
3976,407.91
3977,1.22
3978,1.23
3979,1.26
3980,1.23
3981,1.22
3982,1.17
3983,1.2
3984,988.93
3985,1.26
3986,311.5
3987,1.21
3988,1.21
3989,1.24
3990,1.24
3991,1071.32
3992,80.49
3993,16.54
3994,126.61
3995,600.74
3996,1.2
3997,1.22
3998,1.24
3999,448.04
4000,851.79
4001,1.25
4002,90.67
4003,1.24
4004,1.29
4005,25.48
4006,1.19
4007,179.62
4008,338.35
4009,1.25
4010,1.22
4011,14.69
4012,1.29
4013,1.22
4014,1.22
4015,994.11
4016,3.21
4017,10.12
4018,1.22
4019,1.22
4020,27.12
4021,1.24
4022,174.27
4023,848.58
4024,400.64
4025,6.72
4026,1.21
4027,1.21
4028,129.04
4029,1.21
4030,2.12
4031,610.68
4032,200.61
4033,491.22
4034,877.7
4035,1.26
4036,513.7
4037,11.62
4038,1.24
4039,22.37
4040,496.0
4041,1.21
4042,2.25
4043,1.24
4044,334.15
4045,820.83
4046,1.27
4047,1.19
4048,388.51
4049,1.2
4050,1.27
4051,1.18
4052,524.05
4053,1.14
4054,120.87
4055,388.51
4056,1059.24
4057,17.78
4058,123.96
4059,396.11
4060,1.2
4061,830.54
4062,1.24
4063,1.22
4064,3.38
4065,823.47
4066,1.22
4067,1.29
4068,992.23
4069,72.14
4070,1.21
4071,3.01
4072,1.22
4073,311.72
4074,1.29
4075,899.44
4076,14.91
4077,5.33
4078,1.2
4079,505.64
4080,476.45
4081,1.21
4082,1.27
4083,1.27
4084,13.64
4085,1.26
4086,664.37
4087,1.2
4088,1.24
4089,1.23
4090,822.74
4091,279.96
4092,1.24
4093,1.24
4094,1.23
4095,64.86
4096,1.24
4097,638.58
4098,849.88
4099,1.24
4100,860.75
4101,1.31
4102,987.14
4103,286.57
4104,361.07
4105,315.77
4106,17.44
4107,301.68
4108,1.18
4109,2.63
4110,1.25
4111,1.22
4112,1.23
4113,738.22
4114,1.29
4115,44.68
4116,20.46
4117,703.62
4118,823.47
4119,489.22
4120,850.3
4121,169.16
4122,363.03
4123,54.61
4124,1.31
4125,1.23
4126,817.74
4127,843.52
4128,1.21
4129,923.16
4130,616.69
4131,1.19
4132,702.96
4133,1.2
4134,1.23
4135,674.81
4136,260.27
4137,398.47
4138,1.29
4139,40.56
4140,8.99
4141,1.23
4142,601.08
4143,1.27
4144,1.21
4145,166.27
4146,1.24
4147,264.13
4148,93.09
4149,780.45
4150,1.28
4151,1035.95
4152,1.18
4153,21.44
4154,1.21
4155,28.09
4156,304.57
4157,13.0
4158,112.29
4159,2.67
4160,178.21
4161,19.69
4162,513.7
4163,1.23
4164,93.54
4165,120.77
4166,978.62
4167,1.23
4168,294.22
4169,341.74
4170,339.47
4171,527.14
4172,1.17
4173,899.99
4174,18.03
4175,1.21
4176,1.19
4177,1.24
4178,1.19
4179,281.56
4180,401.86
4181,51.93
4182,2.54
4183,1.28
4184,1.23
4185,13.14
4186,1.21
4187,1.24
4188,1.24
4189,1.2
4190,1.22
4191,1.93
4192,941.01
4193,6.19
4194,1.24
4195,8.3
4196,1032.72
4197,1.21
4198,343.41
4199,7.18
4200,471.62
4201,1028.78
4202,416.25
4203,1.23
4204,1.23
4205,1.24
4206,2.96
4207,452.25
4208,1.29
4209,34.66
4210,423.23
4211,1.55
4212,1.22
4213,642.76
4214,1.23
4215,891.0
4216,1.33
4217,669.11
4218,456.83
4219,498.69
4220,1.22
4221,1.18
4222,12.11
4223,2.11
4224,564.71
4225,69.24
4226,793.94
4227,1.25
4228,566.57
4229,142.56
4230,97.18
4231,527.13
4232,148.72
4233,1.23
4234,4.3
4235,1.26
4236,921.13
4237,3.36
4238,1.23
4239,848.9
4240,822.03
4241,91.94
4242,73.96
4243,340.72
4244,1.31
4245,682.76
4246,2.07
4247,55.31
4248,1.32
4249,153.8
4250,971.43
4251,1.25
4252,1059.67
4253,748.33
4254,1.17
4255,1.2
4256,9.5
4257,1.26
4258,1.23
4259,1.17
4260,1.2
4261,924.36
4262,152.95
4263,733.29
4264,1.22
4265,903.61
4266,1.33
4267,1.18
4268,314.1
4269,1.24
4270,81.12
4271,765.25
4272,538.58
4273,846.71
4274,14.19
4275,1.22
4276,844.47
4277,21.6
4278,1.27
4279,1.23
4280,366.47
4281,852.07
4282,1.25
4283,1.24
4284,1.2
4285,1.27
4286,1328.5
4287,1.23
4288,2.24
4289,122.42
4290,723.31
4291,303.69
4292,1.51
4293,280.96
4294,1.33
4295,932.38
4296,1.21
4297,36.25
4298,86.82
4299,1.24
4300,487.35
4301,860.42
4302,1.24
4303,526.31
4304,347.24
4305,699.44
4306,874.01
4307,625.9
4308,2.33
4309,624.23
4310,55.12
4311,287.68
4312,1.22
4313,259.68
4314,833.47
4315,626.62
4316,22.67
4317,993.59
4318,833.46
4319,1.23
4320,1.23
4321,1.21
4322,1.23
4323,32.79
4324,11.88
4325,1.24
4326,41.12
4327,1.25
4328,1.26
4329,799.32
4330,1.33
4331,745.57
4332,982.95
4333,754.32
4334,162.34
4335,1.28
4336,805.71
4337,37.64
4338,79.28
4339,1.25
4340,561.9
4341,15.04
4342,191.79
4343,14.33
4344,1.25
4345,13.48
4346,1.24
4347,126.51
4348,288.44
4349,71.68
4350,1.21
4351,960.47
4352,1.92
4353,2.31
4354,912.07
4355,1.2
4356,1.22
4357,301.68
4358,1.19
4359,745.11
4360,1.22
4361,1.22
4362,1.22
4363,1.17
4364,1.22
4365,36.9
4366,1.19
4367,2.4
4368,1.23
4369,240.34
4370,1.28
4371,1.26
4372,1.91
4373,1.25
4374,175.07
4375,1315.46
4376,2.54
4377,1.23
4378,1.16
4379,769.58
4380,1.23
4381,213.39
4382,1.32
4383,1.22
4384,836.93
4385,331.42
4386,1.23
4387,1.25
4388,2.73
4389,1.31
4390,1.22
4391,1.23
4392,1.8
4393,1.55
4394,1.21
4395,147.89
4396,469.9
4397,1.18
4398,251.53
4399,1.24
4400,1.25
4401,650.13
4402,930.18
4403,609.48
4404,1.21
4405,785.23
4406,1.27
4407,1.21
4408,344.9
4409,1.2
4410,1.2
4411,1.19
4412,1.25
4413,1.24
4414,135.29
4415,1.2
4416,1.21
4417,532.48
4418,219.22
4419,1.24
4420,1.21
4421,1.19
4422,1.28
4423,4.23
4424,1.26
4425,852.09
4426,1.25
4427,1182.66
4428,103.84
4429,134.35
4430,1.23
4431,1.22
4432,460.3
4433,1.25
4434,1.92
4435,387.26
4436,1.25
4437,101.68
4438,1.18
4439,1.22
4440,4.71
4441,1.19
4442,111.76
4443,1.22
4444,36.78
4445,766.97
4446,7.14
4447,1045.27
4448,16.97
4449,166.27
4450,11.55
4451,169.13
4452,341.84
4453,887.47
4454,1.22
4455,1.78
4456,988.17
4457,1.27
4458,1.23
4459,21.66
4460,1.27
4461,1.25
4462,1.25
4463,1.24
4464,319.89
4465,762.64
4466,1.26
4467,3.5
4468,1.22
4469,1.19
4470,683.24
4471,1.23
4472,1.59
4473,909.61
4474,14.69
4475,1.18
4476,479.69
4477,1.49
4478,1.25
4479,699.32
4480,420.23
4481,1.25
4482,100.87
4483,2.51
4484,1.17
4485,216.31
4486,678.74
4487,878.57
4488,1.19
4489,462.6
4490,1.22
4491,420.95
4492,19.5
4493,1.24
4494,1.24
4495,1.22
4496,1.24
4497,713.05
4498,966.25
4499,1.67
4500,565.04
4501,98.33
4502,9.84
4503,169.13
4504,1.21
4505,294.59
4506,1041.37
4507,1.27
4508,215.21
4509,1.21
4510,1.38
4511,1.23
4512,263.55
4513,1.21
4514,1.26
4515,1.23
4516,43.85
4517,2.82
4518,1.22
4519,8.31
4520,1.29
4521,1.21
4522,1.21
4523,1.21
4524,49.44
4525,416.43
4526,1.24
4527,160.93
4528,127.27
4529,137.98
4530,780.69
4531,109.96
4532,3.46
4533,640.6
4534,92.16
4535,816.33
4536,1.2
4537,1.22
4538,1.23
4539,12.11
4540,152.97
4541,843.06
4542,1.2
4543,1.28
4544,1.22
4545,1.19
4546,1.17
4547,3.03
4548,1.18
4549,1.21
4550,619.77
4551,259.83
4552,169.16
4553,6.66
4554,331.66
4555,65.07
4556,59.04
4557,1.24
4558,239.52
4559,58.47
4560,665.14
4561,1.19
4562,747.68
4563,295.29
4564,1.22
4565,1.21
4566,1.21
4567,1.27
4568,11.69
4569,1007.97
4570,1.25
4571,622.65
4572,1.21
4573,274.43
4574,1.26
4575,74.31
4576,1.29
4577,1.19
4578,540.71
4579,237.31
4580,1.27
4581,1.22
4582,869.99
4583,1.81
4584,1.3
4585,8.06
4586,789.67
4587,1.22
4588,867.27
4589,1.25
4590,185.8
4591,2.68
4592,24.6
4593,739.73
4594,1.25
4595,1.18
4596,356.76
4597,93.9
4598,15.69
4599,1.2
4600,1.22
4601,398.93
4602,905.59
4603,146.9
4604,1.28
4605,1.68
4606,564.15
4607,1.21
4608,3.44
4609,1.23
4610,1.19
4611,814.53
4612,14.56
4613,874.01
4614,1.17
4615,23.97
4616,1.24
4617,1.26
4618,1.23
4619,1.2
4620,698.48
4621,1.27
4622,439.33
4623,1.21
4624,1.26
4625,24.65
4626,708.76
4627,875.9
4628,1.19
4629,1.8
4630,13.8
4631,1.28
4632,269.67
4633,51.46
4634,280.69
4635,318.1
4636,1115.32
4637,1.38
4638,698.63
4639,17.88
4640,353.59
4641,15.2
4642,312.42
4643,1.23
4644,249.44
4645,1.24
4646,1.2
4647,1.27
4648,3.46
4649,766.03
4650,1.23
4651,729.87
4652,525.7
4653,796.0
4654,518.77
4655,1.22
4656,1.25
4657,593.8
4658,185.21
4659,1.2
4660,1.16
4661,916.84
4662,1.25
4663,1.25
4664,1.31
4665,1.2
4666,571.85
4667,126.09
4668,21.05
4669,368.07
4670,1.2
4671,1014.15
4672,222.48
4673,83.86
4674,1.2
4675,1.21
4676,1.22
4677,1.21
4678,1.24
4679,370.2
4680,1.21
4681,185.14
4682,1.7
4683,786.47
4684,1.24
4685,1.19
4686,646.14
4687,1.21
4688,340.72
4689,1.23
4690,1.29
4691,1.31
4692,239.33
4693,34.23
4694,1.26
4695,177.73
4696,1.27
4697,157.07
4698,855.84
4699,260.27
4700,1.19
4701,1.22
4702,1.32
4703,601.84
4704,1.22
4705,1.17
4706,540.05
4707,9.78
4708,1.23
4709,20.54
4710,1.21
4711,1.21
4712,79.25
4713,284.41
4714,14.91
4715,866.42
4716,1039.22
4717,908.89
4718,237.18
4719,1.24
4720,506.31
4721,1.21
4722,1.22
4723,394.28
4724,705.91
4725,615.65
4726,1.23
4727,647.32
4728,2.75
4729,1.21
4730,1.2
4731,298.33
4732,1.28
4733,1.2
4734,1.31
4735,18.9
4736,1.23
4737,1.24
4738,1.21
4739,1.22
4740,797.89
4741,338.96
4742,844.55
4743,21.47
4744,2.87
4745,941.01
4746,1.24
4747,1.99
4748,1.2
4749,115.95
4750,3.98
4751,98.47
4752,866.59
4753,1.22
4754,1.2
4755,2.68
4756,953.45
4757,126.17
4758,1.23
4759,713.05
4760,628.36
4761,1.87
4762,28.98
4763,286.57
4764,222.25
4765,1.23
4766,1.22
4767,799.77
4768,60.61
4769,12.82
4770,1.22
4771,827.57
4772,1.22
4773,384.04
4774,1.2
4775,1.23
4776,658.67
4777,777.13
4778,155.97
4779,801.81
4780,1.22
4781,4.64
4782,1.23
4783,520.28
4784,832.12
4785,470.47
4786,1.28
4787,32.76
4788,522.48
4789,1.28
4790,1.5
4791,1.25
4792,1.26
4793,1.24
4794,183.62
4795,149.45
4796,741.9
4797,344.8
4798,1.23
4799,30.28
4800,636.29
4801,1.23
4802,207.35
4803,1.24
4804,868.1
4805,1.21
4806,89.42
4807,1.22
4808,1.22
4809,1.2
4810,191.79
4811,1.23
4812,197.14
4813,889.64
4814,1.23
4815,1154.39
4816,417.61
4817,192.3
4818,703.04
4819,763.3
4820,2.63
4821,731.67
4822,1.23
4823,1.23
4824,1.26
4825,1.23
4826,1.99
4827,377.79
4828,1.24
4829,1.25
4830,1.3
4831,584.49
4832,2.89
4833,13.97
4834,1.24
4835,976.2
4836,886.33
4837,1.26
4838,147.89
4839,1.25
4840,1.28
4841,1.26
4842,254.57
4843,1.19
4844,825.24
4845,1.19
4846,11.62
4847,1.25
4848,1.19
4849,1.24
4850,311.73
4851,1.2
4852,701.29
4853,1.26
4854,1.23
4855,1.18
4856,361.68
4857,2.04
4858,1.29
4859,100.31
4860,689.45
4861,1.22
4862,1.99
4863,61.64
4864,1.22
4865,340.32
4866,1.23
4867,1.24
4868,93.54
4869,908.62
4870,1.25
4871,1.23
4872,116.82
4873,419.04
4874,399.28
4875,1.19
4876,15.29
4877,839.12
4878,1.19
4879,1.24
4880,809.93
4881,1.24
4882,1.22
4883,1.19
4884,1.21
4885,637.15
4886,428.78
4887,1004.33
4888,157.5
4889,888.02
4890,1.24
4891,237.1
4892,2.54
4893,2.85
4894,718.5
4895,323.83
4896,273.59
4897,1035.66
4898,2.49
4899,1.24
4900,1.23
4901,1.23
4902,1.22
4903,948.24
4904,53.88
4905,1.19
4906,1.24
4907,830.25
4908,1.26
4909,1.22
4910,1.24
4911,871.54
4912,1.2
4913,2.19
4914,1.23
4915,1.23
4916,234.07
4917,1.23
4918,420.64
4919,1.31
4920,3.14
4921,1.31
4922,1.21
4923,53.16
4924,586.3
4925,355.93
4926,223.2
4927,1.23
4928,1.2
4929,1.2
4930,433.94
4931,1.24
4932,584.53
4933,982.95
4934,631.76
4935,26.42
4936,7.22
4937,109.24
4938,1.2
4939,574.33
4940,682.76
4941,1.26
4942,2.3
4943,1.22
4944,988.93
4945,2.0
4946,51.48
4947,1.18
4948,1.24
4949,1.23
4950,1.22
4951,98.34
4952,1.26
4953,1115.32
4954,4.3
4955,981.65
4956,1.24
4957,65.9
4958,1.2
4959,360.59
4960,1.51
4961,183.06
4962,6.09
4963,761.01
4964,1.22
4965,551.96
4966,215.98
4967,899.54
4968,1.29
4969,331.42
4970,466.95
4971,1.21
4972,1.25
4973,82.52
4974,1.19
4975,1.25
4976,888.22
4977,1.21
4978,19.38
4979,2.36
4980,1.22
4981,296.03
4982,1.27
4983,1.26
4984,205.47
4985,174.27
4986,355.66
4987,1.21
4988,1.18
4989,1.18
4990,1.19
4991,203.63
4992,3.0
4993,32.0
4994,365.32
4995,396.2
4996,2.06
4997,312.64
4998,1.2
4999,592.09
5000,1.29
5001,144.79
5002,1.22
5003,895.21
5004,1.27
5005,498.72
5006,920.08
5007,420.64
5008,1067.42
5009,46.13
5010,1.25
5011,824.28
5012,1.2
5013,1.23
5014,1.21
5015,907.89
5016,446.54
5017,1.2
5018,229.42
5019,848.47
5020,4.46
5021,1.19
5022,1.2
5023,303.48
5024,805.52
5025,33.0
5026,1.27
5027,33.72
5028,1.25
5029,1.22
5030,1.25
5031,1.24
5032,59.04
5033,1.22
5034,623.44
5035,1.23
5036,1.23
5037,142.09
5038,1.22
5039,1.3
5040,1.21
5041,1.81
5042,1.21
5043,1.22
5044,25.64
5045,244.94
5046,2.38
5047,877.06
5048,318.11
5049,1.21
5050,812.86
5051,1.24
5052,836.67
5053,1.23
5054,1.18
5055,1.21
5056,1.22
5057,955.31
5058,94.3
5059,1.21
5060,2.46
5061,20.7
5062,1.24
5063,763.3
5064,851.17
5065,15.22
5066,1.22
5067,81.41
5068,650.13
5069,1.24
5070,321.19
5071,249.83
5072,1.21
5073,568.55
5074,1.24
5075,449.72
5076,22.64
5077,936.84
5078,1.22
5079,168.94
5080,1.24
5081,870.52
5082,166.44
5083,56.3
5084,955.5
5085,888.02
5086,16.25
5087,1.23
5088,1.22
5089,13.74
5090,1.22
5091,84.74
5092,977.1
5093,1.2
5094,679.18
5095,124.76
5096,1.25
5097,1.22
5098,1.2
5099,62.79
5100,1.22
5101,1.17
5102,1.25
5103,107.4
5104,1.21
5105,253.41
5106,383.52
5107,1.23
5108,1.16
5109,555.9
5110,840.72
5111,1.2
5112,787.59
5113,1.21
5114,99.43
5115,1.2
5116,194.56
5117,1.24
5118,149.22
5119,494.97
5120,1.21
5121,1.21
5122,1.24
5123,15.5
5124,30.79
5125,1.23
5126,359.65
5127,1.21
5128,127.26
5129,167.43
5130,1.24
5131,807.33
5132,1.22
5133,946.58
5134,628.36
5135,1.22
5136,1.24
5137,1.19
5138,752.47
5139,1.24
5140,655.85
5141,2.47
5142,894.95
5143,1104.03
5144,25.68
5145,1.22
5146,458.26
5147,291.52
5148,1.25
5149,1.69
5150,2.11
5151,1.24
5152,1.2
5153,49.44
5154,1.54
5155,1.21
5156,1.22
5157,99.63
5158,1.22
5159,20.14
5160,479.49
5161,120.45
5162,1.19
5163,183.62
5164,1.22
5165,810.72
5166,15.89
5167,1.16
5168,286.57
5169,508.69
5170,729.94
5171,1.23
5172,1.26
5173,1.21
5174,1.24
5175,1.23
5176,16.21
5177,325.35
5178,1.15
5179,4.13
5180,1.23
5181,1.23
5182,872.82
5183,1.21
5184,758.03
5185,1.21
5186,2.06
5187,346.5
5188,825.73
5189,1.27
5190,977.1
5191,454.01
5192,16.06
5193,1.21
5194,1.19
5195,121.99
5196,1.22
5197,1.22
5198,1150.21
5199,821.37
5200,1.23
5201,1.23
5202,1.22
5203,513.86
5204,1.21
5205,1.63
5206,1.2
5207,19.12
5208,782.78
5209,818.04
5210,43.74
5211,1.22
5212,804.04
5213,639.26
5214,1.23
5215,1.23
5216,8.54
5217,136.57
5218,69.99
5219,2.17
5220,246.06
5221,323.79
5222,219.61
5223,1.19
5224,5.73
5225,916.39
5226,1.19
5227,916.04
5228,14.89
5229,1.17
5230,33.95
5231,954.68
5232,208.75
5233,1.25
5234,1.21
5235,1032.35
5236,1.2
5237,1.21
5238,506.01
5239,1.22
5240,1044.95
5241,1.22
5242,1.26
5243,754.81
5244,2.15
5245,455.15
5246,1.23
5247,275.24
5248,73.96
5249,1.21
5250,499.24
5251,1.18
5252,1.22
5253,1.23
5254,234.38
5255,2.28
5256,1.19
5257,831.2
5258,325.84
5259,1.2
5260,530.64
5261,252.71
5262,3.32
5263,1.23
5264,273.29
5265,1.28
5266,1.19
5267,245.66
5268,1008.62
5269,1.24
5270,831.52
5271,295.09
5272,1.22
5273,919.41
5274,1.24
5275,1.24
5276,1.23
5277,1.23
5278,201.28
5279,42.98
5280,178.61
5281,751.42
5282,99.54
5283,1.25
5284,1.23
5285,712.2
5286,1.24
5287,2.07
5288,1.21
5289,5.22
5290,184.88
5291,1.26
5292,521.0
5293,1.2
5294,1.19
5295,1.73
5296,121.9
5297,1.21
5298,157.85
5299,1.23
5300,1.19
5301,3.22
5302,513.47
5303,107.26
5304,876.1
5305,1.24
5306,1071.32
5307,850.61
5308,229.52
5309,1.52
5310,1.24
5311,28.31
5312,1.17
5313,1.24
5314,813.38
5315,1.2
5316,1.21
5317,1.21
5318,442.56
5319,1.22
5320,1.22
5321,250.57
5322,1.24
5323,405.83
5324,1.22
5325,872.67
5326,1.22
5327,613.07
5328,48.89
5329,851.36
5330,211.76
5331,262.15
5332,1.24
5333,2.55
5334,892.96
5335,525.48
5336,606.9
5337,1.25
5338,1.24
5339,1.29
5340,1.22
5341,1.21
5342,1.2
5343,1.23
5344,999.64
5345,1.31
5346,25.48
5347,1.21
5348,1.2
5349,41.48
5350,185.15
5351,584.53
5352,1.25
5353,733.33
5354,13.1
5355,825.52
5356,45.11
5357,968.83
5358,2.76
5359,147.52
5360,820.87
5361,843.06
5362,1.23
5363,308.25
5364,1.24
5365,402.11
5366,290.22
5367,216.9
5368,1.23
5369,969.59
5370,1.23
5371,1.25
5372,112.75
5373,1.22
5374,1.23
5375,283.73
5376,347.33
5377,1.23
5378,2.0
5379,398.25
5380,1129.92
5381,152.45
5382,1.3
5383,843.1
5384,518.81
5385,21.99
5386,1.9
5387,1.28
5388,2.31
5389,1.66
5390,1.24
5391,1.73
5392,1.17
5393,537.83
5394,1.23
5395,1.2
5396,1.21
5397,506.58
5398,88.64
5399,1.21
5400,1.2
5401,1.22
5402,61.0
5403,420.45
5404,1.2
5405,1.22
5406,1.26
5407,424.74
5408,729.87
5409,262.44
5410,667.9
5411,2.08
5412,5.01
5413,1.26
5414,3.62
5415,18.08
5416,1.21
5417,1.17
5418,1.25
5419,1.23
5420,1.26
5421,498.57
5422,856.71
5423,42.67
5424,459.26
5425,1.2
5426,966.25
5427,279.01
5428,1.24
5429,520.84
5430,1.51
5431,1.23
5432,257.91
5433,244.13
5434,17.78
5435,21.41
5436,1.25
5437,1.25
5438,1.26
5439,59.33
5440,18.31
5441,1.27
5442,1.23
5443,1.18
5444,1.22
5445,1.24
5446,626.45
5447,128.39
5448,1.26
5449,1.17
5450,326.72
5451,568.24
5452,886.43
5453,1.31
5454,1.21
5455,1.22
5456,870.55
5457,417.02
5458,562.82
5459,794.6
5460,73.24
5461,1.23
5462,1.26
5463,663.83
5464,744.61
5465,786.47
5466,1.22
5467,6.09
5468,1.25
5469,22.67
5470,26.75
5471,1.22
5472,1.23
5473,1.19
5474,876.46
5475,1.39
5476,1.2
5477,963.72
5478,3.5
5479,505.55
5480,747.76
5481,1.21
5482,876.28
5483,1.19
5484,99.93
5485,809.52
5486,885.65
5487,1.26
5488,482.05
5489,2.46
5490,73.24
5491,1.22
5492,1.25
5493,1.27
5494,3.27
5495,1.22
5496,83.41
5497,248.13
5498,1.2
5499,3.8
5500,1.23
5501,579.66
5502,960.04
5503,1.21
5504,1.23
5505,196.35
5506,9.95
5507,1.16
5508,86.69
5509,260.27
5510,2.54
5511,13.05
5512,1.21
5513,31.82
5514,512.25
5515,843.2
5516,104.42
5517,7.74
5518,1.22
5519,1.25
5520,1.27
5521,671.7
5522,1.29
5523,508.04
5524,35.5
5525,1.23
5526,1.19
5527,7.31
5528,356.92
5529,1.25
5530,1.22
5531,416.16
5532,986.69
5533,731.54
5534,430.8
5535,1.18
5536,587.19
5537,483.37
5538,120.77
5539,1.2
5540,319.86
5541,1.22
5542,221.45
5543,801.28
5544,1254.94
5545,1.26
5546,1.51
5547,1.25
5548,1.23
5549,1.22
5550,318.1
5551,899.81
5552,765.25
5553,1.23
5554,479.24
5555,601.63
5556,54.84
5557,2.43
5558,280.96
5559,1.19
5560,87.65
5561,1.25
5562,1.24
5563,1.23
5564,1.18
5565,504.83
5566,405.83
5567,696.84
5568,653.88
5569,75.65
5570,1.24
5571,447.02
5572,1.24
5573,2.81
5574,435.98
5575,1.2
5576,1.19
5577,1.23
5578,1.23
5579,1.2
5580,1.26
5581,32.2
5582,1.23
5583,626.56
5584,216.68
5585,1.2
5586,1.21
5587,1.25
5588,27.2
5589,1.28
5590,502.9
5591,1.24
5592,1.23
5593,902.96
5594,1.22
5595,121.9
5596,1.23
5597,181.23
5598,1.2
5599,1.22
5600,1.2
5601,919.41
5602,6.15
5603,1.22
5604,159.22
5605,1.19
5606,273.89
5607,36.99
5608,1.24
5609,1.2
5610,1.21
5611,162.26
5612,1.23
5613,1.28
5614,1072.53
5615,1.21
5616,36.06
5617,21.93
5618,860.83
5619,1.22
5620,19.47
5621,1.22
5622,1.17
5623,244.43
5624,1.21
5625,59.42
5626,1.25
5627,1.24
5628,1.22
5629,29.49
5630,84.74
5631,1.24
5632,1.26
5633,1.2
5634,843.56
5635,2.54
5636,415.21
5637,1.2
5638,1.19
5639,108.19
5640,462.99
5641,1.26
5642,1.27
5643,382.78
5644,1.21
5645,2.25
5646,1.85
5647,72.37
5648,118.57
5649,2.45
5650,1.32
5651,935.12
5652,2.9
5653,706.35
5654,1.23
5655,1.28
5656,1.22
5657,19.8
5658,1.21
5659,802.17
5660,916.44
5661,1.19
5662,2.69
5663,185.21
5664,823.51
5665,39.71
5666,1.24
5667,1.2
5668,1.21
5669,952.67
5670,1.3
5671,1.7
5672,131.94
5673,1.2
5674,1.23
5675,1.26
5676,2.35
5677,2.02
5678,1.21
5679,93.82
5680,184.86
5681,1.2
5682,1.23
5683,191.76
5684,1.66
5685,1.2
5686,1.2
5687,1.24
5688,612.0
5689,1.2
5690,300.77
5691,887.47
5692,1.25
5693,692.49
5694,1.22
5695,1.19
5696,33.85
5697,1.2
5698,587.33
5699,1.27
5700,1.21
5701,69.24
5702,1.27
5703,1.19
5704,106.33
5705,305.78
5706,44.34
5707,1.2
5708,22.64
5709,1.21
5710,47.77
5711,1.22
5712,1.22
5713,1.24
5714,1.2
5715,1.25
5716,179.62
5717,503.89
5718,537.38
5719,69.24
5720,1.26
5721,1.23
5722,14.67
5723,861.11
5724,1.24
5725,2.69
5726,311.5
5727,678.74
5728,332.11
5729,247.44
5730,14.55
5731,1.25
5732,1.34
5733,851.16
5734,86.82
5735,1.23
5736,791.91
5737,997.08
5738,24.45
5739,1.26
5740,1.23
5741,1.18
5742,1.88
5743,173.03
5744,1.19
5745,285.73
5746,1.23
5747,1.19
5748,138.8
5749,1.26
5750,370.53
5751,912.99
5752,1.18
5753,1.21
5754,4.67
5755,1.21
5756,22.56
5757,9.02
5758,1.19
5759,211.76
5760,2.87
5761,1077.09
5762,869.57
5763,1.21
5764,1.22
5765,517.55
5766,850.81
5767,1.24
5768,1.22
5769,414.06
5770,20.86
5771,1.24
5772,1.2
5773,326.45
5774,5.17
5775,1.17
5776,1.69
5777,933.25
5778,1.21
5779,1.19
5780,1.25
5781,771.48
5782,1.22
5783,1.21
5784,12.78
5785,864.97
5786,1.23
5787,501.11
5788,1.21
5789,965.2
5790,21.1
5791,62.79
5792,16.89
5793,362.2
5794,1.2
5795,1.21
5796,1.26
5797,11.42
5798,816.98
5799,42.63
5800,596.82
5801,1.21
5802,483.16
5803,1.24
5804,255.22
5805,1.2
5806,1.2
5807,1.26
5808,1.29
5809,1.18
5810,1.24
5811,89.92
5812,1.22
5813,1.23
5814,416.92
5815,1.43
5816,196.19
5817,827.57
5818,2.83
5819,1182.66
5820,1.24
5821,1.25
5822,402.17
5823,1.18
5824,346.96
5825,468.58
5826,1035.99
5827,559.39
5828,1.29
5829,674.18
5830,91.47
5831,606.72
5832,2.24
5833,1.21
5834,953.14
5835,1.23
5836,1.23
5837,832.12
5838,1.19
5839,1.22
5840,1.19
5841,1.26
5842,295.9
5843,231.44
5844,737.83
5845,644.77
5846,575.4
5847,2.67
5848,368.25
5849,1.2
5850,530.64
5851,8.06
5852,1002.59
5853,1.26
5854,80.65
5855,1.27
5856,1.21
5857,1.24
5858,1.2
5859,363.05
5860,1.21
5861,1.2
5862,2.09
5863,1.22
5864,612.34
5865,1.23
5866,1034.01
5867,79.36
5868,294.52
5869,1.19
5870,1.22
5871,1059.81
5872,933.34
5873,1019.14
5874,1.19
5875,1.22
5876,322.64
5877,1.22
5878,840.36
5879,1.25
5880,1.18
5881,1.23
5882,1.21
5883,1.18
5884,1.25
5885,1.23
5886,1.24
5887,1.19
5888,5.2
5889,1.22
5890,1.25
5891,801.32
5892,1.22
5893,1245.33
5894,52.1
5895,1.26
5896,1.25
5897,1.76
5898,1.22
5899,73.59
5900,1.24
5901,1.2
5902,284.73
5903,1.95
5904,1.22
5905,1.2
5906,1.19
5907,845.97
5908,1.71
5909,1.23
5910,1.29
5911,911.26
5912,436.44
5913,1.21
5914,1.23
5915,321.17
5916,162.59
5917,916.6
5918,1.2
5919,2.92
5920,27.67
5921,1.23
5922,5.55
5923,1.18
5924,678.74
5925,1.29
5926,1.24
5927,46.69
5928,366.76
5929,1.93
5930,681.98
5931,1.23
5932,380.04
5933,2.27
5934,1.2
5935,162.99
5936,899.71
5937,1.21
5938,440.55
5939,1.22
5940,1.25
5941,829.51
5942,19.2
5943,708.09
5944,906.6
5945,35.5
5946,1.21
5947,1.21
5948,1.23
5949,284.79
5950,285.58
5951,1.21
5952,1.31
5953,1.21
5954,1.23
5955,614.69
5956,1.2
5957,1.24
5958,6.35
5959,1.19
5960,471.57
5961,290.57
5962,460.81
5963,1.23
5964,376.3
5965,1.2
5966,1.24
5967,22.45
5968,737.12
5969,1.21
5970,1.22
5971,1.2
5972,1.15
5973,1.18
5974,1.69
5975,115.07
5976,1.24
5977,495.13
5978,1.24
5979,965.71
5980,953.45
5981,1.2
5982,1.27
5983,24.27
5984,623.6
5985,19.49
5986,197.4
5987,1.24
5988,1.22
5989,1.18
5990,1.21
5991,1.24
5992,490.84
5993,1.22
5994,951.92
5995,1.23
5996,447.36
5997,1.25
5998,1.26
5999,1.23
6000,1.27
6001,305.67
6002,98.92
6003,769.01
6004,1.3
6005,1.18
6006,1.25
6007,866.42
6008,317.08
6009,1.25
6010,1.2
6011,1.19
6012,1.23
6013,9.95
6014,17.38
6015,1.2
6016,37.77
6017,356.92
6018,1.26
6019,183.1
6020,2.49
6021,798.83
6022,3.28
6023,984.61
6024,1.24
6025,2.36
6026,107.3
6027,1.27
6028,85.74
6029,787.33
6030,12.52
6031,1.22
6032,1.21
6033,43.99
6034,818.37
6035,47.17
6036,903.61
6037,87.62
6038,1.23
6039,1.22
6040,21.52
6041,222.66
6042,1.23
6043,1.21
6044,294.3
6045,531.55
6046,1.26
6047,1.25
6048,839.7
6049,87.17
6050,1.25
6051,1.22
6052,833.97
6053,1.19
6054,1.2
6055,514.77
6056,1129.92
6057,1.25
6058,1.26
6059,1.25
6060,3.19
6061,1080.42
6062,1.26
6063,738.7
6064,19.04
6065,1.25
6066,1.22
6067,1.21
6068,274.93
6069,1.21
6070,1.24
6071,1.21
6072,856.69
6073,214.32
6074,1.25
6075,56.3
6076,1.22
6077,766.8
6078,1.22
6079,231.95
6080,1.23
6081,1.19
6082,791.31
6083,128.28
6084,2.47
6085,1.16
6086,387.26
6087,1030.66
6088,12.82
6089,1.22
6090,1.22
6091,20.68
6092,1.25
6093,242.83
6094,2.0
6095,22.95
6096,1013.93
6097,607.84
6098,344.9
6099,87.9
6100,1.24
6101,117.45
6102,1.23
6103,535.51
6104,1.24
6105,529.8
6106,2.42
6107,2.65
6108,1.22
6109,64.09
6110,23.15
6111,47.8
6112,974.38
6113,901.07
6114,1.25
6115,1.22
6116,81.58
6117,802.56
6118,1.2
6119,1.24
6120,1.27
6121,624.13
6122,1.21
6123,27.47
6124,1.25
6125,1.23
6126,2.19
6127,2.65
6128,62.69
6129,19.53
6130,1.21
6131,842.53
6132,1.24
6133,10.12
6134,844.55
6135,2.08
6136,1.23
6137,1.27
6138,122.96
6139,9.63
6140,1.2
6141,180.22
6142,513.93
6143,70.13
6144,1.21
6145,909.76
6146,1.24
6147,1.29
6148,1.2
6149,1.21
6150,1.24
6151,1.2
6152,21.72
6153,1.24
6154,489.92
6155,1.25
6156,694.64
6157,1.25
6158,1.22
6159,1.2
6160,763.64
6161,1.25
6162,1.25
6163,1.22
6164,621.48
6165,1.24
6166,1.23
6167,1.87
6168,823.51
6169,28.27
6170,26.42
6171,1.23
6172,1.24
6173,1.26
6174,675.59
6175,1.21
6176,1.26
6177,14.81
6178,1.22
6179,1.21
6180,966.72
6181,209.58
6182,1.23
6183,1.2
6184,1.22
6185,1012.71
6186,785.23
6187,1.25
6188,1.25
6189,2.87
6190,313.87
6191,1.22
6192,738.66
6193,1.24
6194,1.23
6195,910.08
6196,1.18
6197,180.06
6198,1.26
6199,1.25
6200,1.22
6201,1.22
6202,1.22
6203,1.23
6204,1.23
6205,1.22
6206,1.23
6207,44.85
6208,864.55
6209,1.24
6210,570.01
6211,1.26
6212,88.39
6213,250.2
6214,1.21
6215,1.29
6216,19.88
6217,1.25
6218,1.22
6219,15.61
6220,107.07
6221,19.05
6222,1.29
6223,1.25
6224,349.53
6225,1.22
6226,1.26
6227,295.44
6228,1.21
6229,136.31
6230,1.21
6231,1.22
6232,1.22
6233,24.11
6234,1.19
6235,537.76
6236,594.78
6237,360.04
6238,1.19
6239,1.27
6240,1.19
6241,10.96
6242,305.82
6243,61.36
6244,688.18
6245,1.22
6246,777.13
6247,689.86
6248,1.17
6249,1017.85
6250,1.2
6251,1.21
6252,1.24
6253,11.42
6254,893.07
6255,1.2
6256,1.23
6257,264.45
6258,1.21
6259,1.26
6260,1.26
6261,253.68
6262,1.23
6263,160.92
6264,1.2
6265,1.23
6266,1.24
6267,413.03
6268,995.95
6269,5.73
6270,1.2
6271,1.22
6272,1.2
6273,1.2
6274,1.34
6275,19.49
6276,1.18
6277,166.27
6278,1.23
6279,1.18
6280,236.08
6281,559.07
6282,4.84
6283,173.5
6284,1.19
6285,509.44
6286,1.21
6287,1.22
6288,167.47
6289,1.22
6290,1.21
6291,498.72
6292,1.2
6293,581.88
6294,785.6
6295,480.24
6296,591.96
6297,2.05
6298,774.06
6299,1.22
6300,1.25
6301,1.25
6302,13.78
6303,859.83
6304,854.98
6305,1.2
6306,1.23
6307,867.0
6308,1.22
6309,680.33
6310,856.71
6311,4.01
6312,587.19
6313,107.07
6314,608.83
6315,1.22
6316,1.23
6317,154.26
6318,409.39
6319,671.52
6320,724.16
6321,1.26
6322,777.47
6323,1.19
6324,1.25
6325,1.16
6326,1004.07
6327,815.14
6328,907.2
6329,18.65
6330,1.24
6331,1.24
6332,1.23
6333,540.16
6334,1.29
6335,1.22
6336,303.91
6337,722.54
6338,1.19
6339,51.45
6340,1.23
6341,17.62
6342,1.22
6343,912.17
6344,1.21
6345,1.25
6346,84.62
6347,1.17
6348,1.21
6349,1.21
6350,52.42
6351,531.38
6352,382.34
6353,1.21
6354,415.32
6355,1.24
6356,1.24
6357,218.21
6358,1.19
6359,1.28
6360,1.29
6361,587.19
6362,1.23
6363,1.26
6364,1.22
6365,767.27
6366,1.21
6367,1.21
6368,1.2
6369,68.11
6370,1.23
6371,2.21
6372,1.23
6373,1.27
6374,1.21
6375,1.25
6376,1.22
6377,120.87
6378,1.21
6379,1.22
6380,1.25
6381,1.26
6382,905.63
6383,1.26
6384,132.11
6385,402.17
6386,3.59
6387,1.24
6388,12.12
6389,1.29
6390,1.25
6391,1.21
6392,527.35
6393,1.26
6394,1.32
6395,1.21
6396,72.22
6397,422.37
6398,1.23
6399,1.21
6400,189.44
6401,1.23
6402,1.22
6403,287.92
6404,1.3
6405,657.43
6406,328.09
6407,2.28
6408,1.18
6409,425.52
6410,215.33
6411,1.26
6412,1.2
6413,1.22
6414,1.15
6415,585.71
6416,1.22
6417,90.02
6418,733.76
6419,2.92
6420,175.5
6421,1.24
6422,1.29
6423,677.78
6424,1.22
6425,813.82
6426,1.21
6427,1.18
6428,1.25
6429,52.33
6430,881.39
6431,1.69
6432,1.23
6433,1.19
6434,1.19
6435,293.51
6436,1.26
6437,905.51
6438,1.23
6439,598.94
6440,28.91
6441,515.95
6442,1.22
6443,1.22
6444,1.22
6445,1.26
6446,1.21
6447,10.54
6448,1.22
6449,1.22
6450,1.27
6451,3.73
6452,1.24
6453,1.22
6454,280.55
6455,836.94
6456,513.17
6457,1.21
6458,1.32
6459,1.21
6460,1.2
6461,1.21
6462,381.71
6463,841.59
6464,112.93
6465,3.02
6466,1.22
6467,1.25
6468,1.25
6469,1.24
6470,523.62
6471,1.23
6472,1.22
6473,1.23
6474,518.0
6475,15.75
6476,1.26
6477,939.42
6478,1031.24
6479,1.17
6480,1.23
6481,974.1
6482,1.23
6483,1.21
6484,229.61
6485,1.18
6486,1.23
6487,1.18
6488,1.23
6489,1.23
6490,1.23
6491,1.22
6492,50.13
6493,4.86
6494,1.18
6495,461.23
6496,1.27
6497,1.24
6498,930.17
6499,1.2
6500,1.18
6501,2.45
6502,376.35
6503,189.13
6504,703.01
6505,1.3
6506,259.98
6507,2.22
6508,799.77
6509,216.44
6510,32.76
6511,766.34
6512,180.22
6513,69.01
6514,2.73
6515,827.3
6516,180.6
6517,1.25
6518,1.22
6519,1.21
6520,1.25
6521,1.26
6522,1.23
6523,1.21
6524,1.22
6525,296.46
6526,740.48
6527,695.12
6528,318.12
6529,441.39
6530,1.24
6531,1009.68
6532,65.9
6533,1.22
6534,147.48
6535,1.27
6536,1.27
6537,703.4
6538,698.67
6539,66.97
6540,1.26
6541,506.97
6542,1.24
6543,1.21
6544,58.26
6545,1.2
6546,264.8
6547,687.91
6548,3.25
6549,607.96
6550,6.71
6551,3.21
6552,881.11
6553,1.22
6554,1.23
6555,1.25
6556,1.25
6557,1.24
6558,384.02
6559,48.53
6560,147.63
6561,1.22
6562,1.23
6563,28.91
6564,1.21
6565,622.42
6566,1.25
6567,1.23
6568,199.98
6569,190.26
6570,74.69
6571,520.64
6572,1.18
6573,192.82
6574,1.19
6575,1069.95
6576,497.99
6577,434.0
6578,162.34
6579,1.25
6580,19.98
6581,239.52
6582,626.2
6583,361.76
6584,1.22
6585,1.26
6586,754.81
6587,1.28
6588,1.21
6589,1.21
6590,1.22
6591,1.24
6592,1.2
6593,954.87
6594,1.78
6595,1.22
6596,1.32
6597,259.68
6598,852.35
6599,1.44
6600,1.21
6601,1.23
6602,1.23
6603,307.57
6604,1.18
6605,1.17
6606,52.36
6607,400.64
6608,1.25
6609,320.97
6610,1.22
6611,13.64
6612,885.51
6613,1.29
6614,1.53
6615,1.2
6616,163.96
6617,1.24
6618,202.76
6619,215.21
6620,850.79
6621,1.22
6622,1.25
6623,1.21
6624,1.22
6625,1.28
6626,1.22
6627,1.23
6628,1.28
6629,1.26
6630,1.22
6631,1.18
6632,2.04
6633,991.16
6634,1.29
6635,1.17
6636,797.57
6637,1.76
6638,1.22
6639,232.75
6640,7.38
6641,1.24
6642,1.24
6643,1.22
6644,1.21
6645,1.18
6646,1.21
6647,15.91
6648,607.84
6649,154.25
6650,1.21
6651,1.2
6652,1.22
6653,788.13
6654,242.33
6655,1.19
6656,1.24
6657,248.37
6658,22.61
6659,1.25
6660,109.93
6661,1.21
6662,1.18
6663,670.73
6664,1.2
6665,5.28
6666,44.68
6667,1.19
6668,1.23
6669,12.12
6670,1108.61
6671,1.21
6672,661.91
6673,1.24
6674,950.54
6675,2.45
6676,785.04
6677,157.19
6678,1.26
6679,757.23
6680,1.24
6681,1013.3
6682,1008.94
6683,451.19
6684,825.52
6685,26.52
6686,1.23
6687,207.07
6688,404.77
6689,16.52
6690,790.54
6691,1011.8
6692,1.25
6693,121.77
6694,1.22
6695,842.96
6696,65.9
6697,1.2
6698,19.82
6699,226.97
6700,331.96
6701,1.22
6702,1.98
6703,86.82
6704,819.27
6705,2.58
6706,1.24
6707,20.08
6708,1.23
6709,39.23
6710,455.61
6711,1.22
6712,1.22
6713,1.24
6714,1.2
6715,1.18
6716,1.18
6717,1.23
6718,1.19
6719,127.27
6720,879.63
6721,1.2
6722,866.42
6723,1.22
6724,1.19
6725,63.39
6726,1.21
6727,837.5
6728,1.22
6729,175.43
6730,449.94
6731,946.11
6732,1.31
6733,288.55
6734,5.9
6735,1.25
6736,1.29
6737,165.61
6738,47.17
6739,996.29
6740,1.26
6741,1040.93
6742,1.3
6743,13.8
6744,282.37
6745,942.07
6746,107.21
6747,899.44
6748,1.23
6749,912.17
6750,1.25
6751,1.19
6752,473.54
6753,225.69
6754,155.63
6755,681.2
6756,1154.39
6757,1.21
6758,1.24
6759,1028.9
6760,177.35
6761,267.92
6762,1.19
6763,663.6
6764,1.24
6765,987.49
6766,788.03
6767,7.87
6768,506.97
6769,1009.16
6770,1.22
6771,698.81
6772,133.81
6773,654.55
6774,1.25
6775,1.25
6776,12.39
6777,737.97
6778,113.05
6779,424.79
6780,413.77
6781,17.03
6782,1.2
6783,325.35
6784,4.46
6785,1.18
6786,305.91
6787,1.22
6788,221.45
6789,1.27
6790,1.23
6791,1.21
6792,1.27
6793,1.34
6794,1.24
6795,1.25
6796,1.22
6797,689.85
6798,623.65
6799,880.11
6800,247.89
6801,2.04
6802,1.21
6803,1.19
6804,89.42
6805,1.22
6806,379.64
6807,54.74
6808,1.22
6809,1.26
6810,1.25
6811,1.24
6812,155.57
6813,133.38
6814,336.31
6815,2.37
6816,464.05
6817,1.23
6818,336.46
6819,1.25
6820,426.08
6821,1.25
6822,928.36
6823,674.63
6824,1.2
6825,1.25
6826,876.11
6827,2.01
6828,433.58
6829,1.25
6830,13.29
6831,1.24
6832,130.45
6833,1.22
6834,44.68
6835,141.74
6836,864.31
6837,321.9
6838,852.05
6839,1.23
6840,1.24
6841,322.54
6842,1.74
6843,540.16
6844,501.14
6845,30.75
6846,3.3
6847,1146.34
6848,1.23
6849,6.5
6850,920.85
6851,376.78
6852,584.53
6853,1.25
6854,1.18
6855,274.93
6856,261.13
6857,1.72
6858,1.33
6859,278.98
6860,109.99
6861,1.26
6862,1.24
6863,1.2
6864,1.22
6865,1.19
6866,1.23
6867,2.11
6868,290.22
6869,1.23
6870,3.33
6871,1056.02
6872,584.53
6873,1.17
6874,391.82
6875,1.21
6876,1.23
6877,1.18
6878,17.99
6879,1.28
6880,2.56
6881,184.43
6882,1.26
6883,2.71
6884,1.24
6885,1.24
6886,848.95
6887,1.27
6888,1.24
6889,1.24
6890,648.01
6891,698.81
6892,1190.96
6893,1.29
6894,1.23
6895,31.37
6896,322.71
6897,1.22
6898,459.68
6899,533.02
6900,1.21
6901,238.6
6902,586.62
6903,754.48
6904,339.61
6905,1.25
6906,2.6
6907,887.92
6908,2.75
6909,1.23
6910,1.2
6911,1.24
6912,1.18
6913,21.66
6914,1.22
6915,963.72
6916,1.63
6917,973.11
6918,153.8
6919,1.24
6920,3.23
6921,449.72
6922,1.26
6923,1.27
6924,2.32
6925,1.27
6926,2.37
6927,1.33
6928,1.2
6929,1.19
6930,889.64
6931,1.25
6932,1.23
6933,1.25
6934,11.12
6935,324.7
6936,1.23
6937,459.1
6938,744.31
6939,916.44
6940,2.8
6941,1.31
6942,1.26
6943,30.05
6944,1.22
6945,1.19
6946,157.52
6947,1.26
6948,679.71
6949,1.23
6950,1.26
6951,1.22
6952,1.19
6953,1.16
6954,1.22
6955,1044.85
6956,17.99
6957,458.27
6958,1.24
6959,1.38
6960,9.74
6961,874.68
6962,1.22
6963,407.69
6964,851.16
6965,1.25
6966,788.9
6967,10.31
6968,1.2
6969,475.7
6970,820.83
6971,1.28
6972,1.25
6973,846.61
6974,2.46
6975,1.92
6976,15.56
6977,890.52
6978,1.25
6979,1.22
6980,1.27
6981,1008.41
6982,112.29
6983,312.2
6984,2.49
6985,1040.93
6986,13.02
6987,182.51
6988,1.28
6989,1.21
6990,359.53
6991,385.77
6992,1.21
6993,2.78
6994,1.23
6995,1.22
6996,685.91
6997,158.58
6998,75.86
6999,920.23
7000,1.21
7001,2.2
7002,614.61
7003,419.82
7004,1.21
7005,1.23
7006,247.14
7007,1.25
7008,1.22
7009,1.22
7010,931.81
7011,2.52
7012,444.32
7013,1.18
7014,1.23
7015,3.44
7016,955.5
7017,377.11
7018,370.75
7019,1.3
7020,506.01
7021,625.13
7022,1.23
7023,1.22
7024,1.2
7025,92.14
7026,2.27
7027,387.13
7028,17.13
7029,724.96
7030,1.22
7031,20.53
7032,125.34
7033,990.52
7034,1.2
7035,1.26
7036,58.7
7037,1.24
7038,1.18
7039,1.25
7040,97.2
7041,454.01
7042,1.21
7043,1.22
7044,564.71
7045,541.52
7046,1.25
7047,1.26
7048,2.01
7049,150.59
7050,236.1
7051,1.23
7052,1.24
7053,1.23
7054,1.24
7055,20.83
7056,1.25
7057,754.62
7058,772.0
7059,320.97
7060,1.25
7061,1.24
7062,338.89
7063,1.2
7064,30.62
7065,565.7
7066,1.18
7067,1.23
7068,120.77
7069,228.24
7070,566.6
7071,1.3
7072,620.78
7073,302.64
7074,219.61
7075,1.23
7076,15.07
7077,294.54
7078,1.22
7079,15.75
7080,1.27
7081,17.9
7082,1.18
7083,109.24
7084,1.25
7085,1.23
7086,1.24
7087,397.9
7088,540.28
7089,1.22
7090,1.23
7091,785.52
7092,1.22
7093,171.7
7094,899.81
7095,1.22
7096,598.21
7097,1.27
7098,1.26
7099,1.2
7100,895.41
7101,338.64
7102,774.37
7103,1.21
7104,2.5
7105,441.06
7106,1.2
7107,616.64
7108,920.97
7109,1.2
7110,1.19
7111,696.09
7112,1.25
7113,123.94
7114,1.23
7115,81.41
7116,96.61
7117,1.21
7118,22.19
7119,171.7
7120,1.18
7121,1.15
7122,1.66
7123,1.21
7124,1.29
7125,1.21
7126,65.73
7127,1.24
7128,1.2
7129,896.0
7130,501.11
7131,945.49
7132,717.29
7133,701.66
7134,447.36
7135,899.53
7136,638.43
7137,1.15
7138,1.22
7139,249.42
7140,1.22
7141,1.23
7142,318.03
7143,993.9
7144,1.22
7145,1.24
7146,173.03
7147,1.19
7148,234.07
7149,192.55
7150,995.5
7151,382.15
7152,1.19
7153,1.88
7154,95.98
7155,42.05
7156,320.97
7157,1.23
7158,1.23
7159,987.64
7160,409.92
7161,710.41
7162,754.66
7163,1.19
7164,744.29
7165,565.92
7166,1.93
7167,1.25
7168,190.77
7169,272.64
7170,350.54
7171,351.3
7172,1.27
7173,1.2
7174,22.83
7175,1.24
7176,752.16
7177,869.48
7178,1.21
7179,1.22
7180,2.03
7181,1.21
7182,455.02
7183,1.26
7184,1.24
7185,1.28
7186,798.11
7187,731.54
7188,1.23
7189,1.21
7190,1.19
7191,4.84
7192,1.2
7193,1.34
7194,967.28
7195,1.78
7196,836.93
7197,435.61
7198,1.21
7199,1.23
7200,1.23
7201,246.02
7202,820.83
7203,2.77
7204,16.09
7205,1.22
7206,642.07
7207,878.72
7208,805.71
7209,1.23
7210,1.24
7211,370.53
7212,1.21
7213,839.7
7214,477.59
7215,1.19
7216,1.26
7217,1.56
7218,1063.76
7219,1.21
7220,1.22
7221,2.34
7222,145.01
7223,184.88
7224,730.74
7225,76.1
7226,21.01
7227,85.74
7228,1.24
7229,626.45
7230,1.2
7231,603.19
7232,1.24
7233,373.31
7234,1.21
7235,1.23
7236,3.24
7237,2.21
7238,302.64
7239,1.23
7240,94.5
7241,681.98
7242,1.23
7243,41.43
7244,1.23
7245,1.24
7246,1.24
7247,295.29
7248,341.58
7249,319.88
7250,108.51
7251,1.2
7252,843.2
7253,1.18
7254,1.25
7255,1.21
7256,17.95
7257,1.18
7258,1.23
7259,1.25
7260,1.24
7261,2.92
7262,172.06
7263,1.22
7264,1.76
7265,1.19
7266,66.68
7267,26.72
7268,1.19
7269,24.78
7270,721.48
7271,1.27
7272,1006.87
7273,1.26
7274,1.25
7275,1.28
7276,4.14
7277,1.22
7278,1.26
7279,1.2
7280,1057.98
7281,493.02
7282,1.21
7283,6.23
7284,1.78
7285,694.95
7286,1.25
7287,2.38
7288,1.25
7289,631.76
7290,49.51
7291,5.8
7292,1.3
7293,1.24
7294,3.68
7295,1.2
7296,1.21
7297,564.18
7298,1147.7
7299,1.25
7300,1.21
7301,1.19
7302,214.23
7303,1.23
7304,1.21
7305,1.18
7306,1.24
7307,158.58
7308,885.56
7309,174.27
7310,143.4
7311,1.23
7312,1.21
7313,175.85
7314,198.58
7315,1.2
7316,1.23
7317,1.2
7318,1.24
7319,1.22
7320,1.2
7321,1.29
7322,870.62
7323,803.14
7324,415.04
7325,5.55
7326,1.24
7327,1.22
7328,1.26
7329,301.56
7330,1.24
7331,1.2
7332,1.32
7333,1.21
7334,1.2
7335,18.51
7336,2.74
7337,1032.35
7338,354.12
7339,500.7
7340,1064.07
7341,1.19
7342,1.2
7343,1.17
7344,242.69
7345,1.21
7346,1032.3
7347,241.83
7348,24.42
7349,338.19
7350,1.26
7351,843.1
7352,789.15
7353,81.41
7354,326.09
7355,97.3
7356,1.21
7357,13.44
7358,1.75
7359,1.26
7360,1.2
7361,559.83
7362,780.81
7363,1.28
7364,19.3
7365,1.26
7366,1.27
7367,5.65
7368,145.97
7369,1.24
7370,1.79
7371,1.26
7372,542.99
7373,278.09
7374,1.24
7375,964.85
7376,1.26
7377,818.35
7378,988.13
7379,497.82
7380,1.25
7381,1.2
7382,484.36
7383,409.38
7384,1.26
7385,419.88
7386,871.54
7387,1.2
7388,889.64
7389,2.05
7390,323.57
7391,144.79
7392,626.45
7393,3.63
7394,485.01
7395,1.25
7396,1.2
7397,1.21
7398,1.2
7399,1.24
7400,1.25
7401,1.24
7402,1.22
7403,1.17
7404,1.21
7405,1.2
7406,1.21
7407,1.22
7408,1.26
7409,1099.23
7410,951.05
7411,1.28
7412,1.19
7413,1.26
7414,1.23
7415,639.19
7416,323.49
7417,1.21
7418,1.23
7419,121.05
7420,277.35
7421,373.26
7422,1.21
7423,1035.99
7424,1.22
7425,1.27
7426,1.22
7427,21.67
7428,36.11
7429,1.27
7430,44.31
7431,1.22
7432,963.55
7433,23.86
7434,1.18
7435,815.1
7436,1.21
7437,719.15
7438,113.77
7439,972.25
7440,1.23
7441,22.53
7442,1.24
7443,610.88
7444,1.22
7445,979.48
7446,318.78
7447,1073.56
7448,978.13
7449,1.21
7450,638.8
7451,272.99
7452,1.29
7453,375.39
7454,1.23
7455,1.15
7456,1.2
7457,220.23
7458,1.29
7459,1.23
7460,880.29
7461,2.0
7462,363.05
7463,843.06
7464,1.2
7465,240.43
7466,1.26
7467,548.63
7468,1.24
7469,1.24
7470,1.2
7471,1.23
7472,737.83
7473,94.97
7474,748.26
7475,24.26
7476,60.48
7477,1.3
7478,860.3
7479,544.68
7480,1.2
7481,384.02
7482,597.73
7483,738.05
7484,43.09
7485,47.01
7486,192.82
7487,1.18
7488,503.89
7489,933.34
7490,1.8
7491,16.87
7492,615.95
7493,1.18
7494,345.42
7495,1.28
7496,1.17
7497,1180.9
7498,1.21
7499,157.22
7500,927.15
7501,1.28
7502,1.19
7503,1.22
7504,297.94
7505,59.87
7506,1.21
7507,1.21
7508,1018.39
7509,246.58
7510,1.21
7511,1.25
7512,874.91
7513,22.06
7514,67.37
7515,466.99
7516,1.24
7517,397.9
7518,1.31
7519,59.4
7520,294.22
7521,1.23
7522,870.86
7523,1.17
7524,322.16
7525,1.71
7526,1.24
7527,1.21
7528,17.29
7529,1.25
7530,1.24
7531,1.19
7532,1.23
7533,356.6
7534,166.44
7535,133.78
7536,441.06
7537,385.5
7538,1.21
7539,300.77
7540,1.2
7541,3.53
7542,666.6
7543,1.21
7544,1.21
7545,1.25
7546,783.02
7547,40.01
7548,157.5
7549,717.11
7550,1.26
7551,1.38
7552,1.21
7553,1.22
7554,295.73
7555,1.24
7556,649.36
7557,13.43
7558,791.31
7559,284.79
7560,798.11
7561,16.29
7562,20.86
7563,1.19
7564,340.79
7565,1.2
7566,272.99
7567,1.19
7568,343.41
7569,1.16
7570,911.36
7571,4.77
7572,1.19
7573,1.25
7574,1.24
7575,1.28
7576,1.26
7577,1.28
7578,385.0
7579,758.55
7580,1.18
7581,1.22
7582,237.18
7583,211.05
7584,2.22
7585,542.68
7586,1.21
7587,1.25
7588,1.37
7589,1.23
7590,1.2
7591,554.46
7592,381.62
7593,1.23
7594,1.25
7595,808.88
7596,1.21
7597,818.25
7598,1.18
7599,525.3
7600,826.03
7601,1139.83
7602,1.19
7603,66.97
7604,1.24
7605,1.24
7606,14.43
7607,1.21
7608,648.95
7609,15.01
7610,99.43
7611,1.24
7612,83.34
7613,1.2
7614,610.04
7615,525.3
7616,1.19
7617,1.24
7618,1283.7
7619,415.21
7620,880.7
7621,14.92
7622,3.47
7623,1.21
7624,328.3
7625,3.81
7626,1.25
7627,1.88
7628,1.25
7629,1.21
7630,349.71
7631,447.34
7632,344.61
7633,247.21
7634,2.19
7635,1.29
7636,1.21
7637,1.23
7638,2.78
7639,1.21
7640,1.22
7641,1.22
7642,1.21
7643,1.25
7644,11.11
7645,3.33
7646,1.24
7647,1.23
7648,1.18
7649,409.63
7650,652.8
7651,1.18
7652,1067.04
7653,1161.54
7654,531.38
7655,1.25
7656,1.21
7657,333.5
7658,716.28
7659,62.72
7660,1.19
7661,48.28
7662,540.7
7663,1.23
7664,39.76
7665,1.25
7666,1.19
7667,20.82
7668,1.21
7669,1.25
7670,6.15
7671,1.23
7672,1.24
7673,1.23
7674,872.25
7675,157.85
7676,1.2
7677,325.95
7678,703.07
7679,392.12
7680,1.22
7681,311.18
7682,2.05
7683,852.45
7684,1.85
7685,752.47
7686,614.61
7687,818.28
7688,533.46
7689,1.21
7690,2.01
7691,1.28
7692,1.22
7693,1.24
7694,1.19
7695,51.79
7696,1.53
7697,30.48
7698,499.21
7699,1.23
7700,1.18
7701,15.19
7702,1.8
7703,674.96
7704,118.57
7705,963.04
7706,1.18
7707,48.8
7708,1.21
7709,122.09
7710,1.2
7711,174.48
7712,1.25
7713,396.97
7714,216.29
7715,217.2
7716,1.25
7717,1.24
7718,1180.9
7719,1.21
7720,1.24
7721,1011.93
7722,189.47
7723,476.64
7724,81.41
7725,1.21
7726,696.33
7727,535.51
7728,1.19
7729,1.21
7730,912.75
7731,1.2
7732,162.99
7733,6.49
7734,1.23
7735,551.42
7736,12.48
7737,133.81
7738,2.21
7739,1.18
7740,987.02
7741,1.22
7742,45.2
7743,1.23
7744,1131.33
7745,1.2
7746,326.61
7747,784.88
7748,764.03
7749,21.05
7750,361.43
7751,1.2
7752,874.25
7753,275.71
7754,1.26
7755,746.92
7756,1.24
7757,497.62
7758,1.17
7759,1.26
7760,1.24
7761,179.08
7762,1.23
7763,25.66
7764,814.53
7765,1.18
7766,639.26
7767,633.02
7768,2.54
7769,1.2
7770,2.92
7771,24.93
7772,55.0
7773,789.15
7774,11.8
7775,1.23
7776,1.23
7777,1.28
7778,1.59
7779,1.28
7780,263.97
7781,1.22
7782,1.21
7783,1254.94
7784,1.22
7785,1.2
7786,350.45
7787,1.24
7788,42.67
7789,1.3
7790,1.17
7791,350.42
7792,45.68
7793,459.68
7794,1.2
7795,1.22
7796,1.22
7797,878.52
7798,1.21
7799,1.21
7800,17.29
7801,1.24
7802,1.25
7803,687.23
7804,113.99
7805,31.58
7806,591.15
7807,1.22
7808,933.25
7809,44.09
7810,6.22
7811,923.64
7812,1.25
7813,1056.55
7814,1.23
7815,1.25
7816,22.19
7817,1.23
7818,19.47
7819,13.69
7820,1.2
7821,218.43
7822,183.62
7823,1.2
7824,95.32
7825,429.56
7826,1.19
7827,1.16
7828,843.1
7829,7.18
7830,1.2
7831,491.47
7832,67.14
7833,451.12
7834,1.23
7835,1.24
7836,1.2
7837,1.18
7838,600.39
7839,398.47
7840,1.28
7841,560.04
7842,72.14
7843,615.95
7844,656.77
7845,1.22
7846,1.23
7847,1.19
7848,1.29
7849,2.94
7850,958.22
7851,1.26
7852,1.21
7853,7.38
7854,1.2
7855,1.25
7856,2.16
7857,133.14
7858,66.65
7859,860.83
7860,2.54
7861,916.39
7862,1.26
7863,761.68
7864,1.24
7865,1.26
7866,1.21
7867,1.22
7868,13.4
7869,1.18
7870,59.4
7871,1.24
7872,844.53
7873,1.22
7874,866.73
7875,919.41
7876,1.18
7877,1.21
7878,3.24
7879,1.21
7880,302.01
7881,1.78
7882,46.06
7883,194.26
7884,188.38
7885,588.1
7886,1.91
7887,20.35
7888,1.19
7889,1033.68
7890,5.02
7891,1.23
7892,16.42
7893,59.4
7894,1.2
7895,1.3
7896,920.97
7897,7.1
7898,805.22
7899,47.18
7900,1.19
7901,1.25
7902,954.87
7903,1.2
7904,12.39
7905,1.21
7906,5.22
7907,1.22
7908,1.24
7909,921.58
7910,1.21
7911,1.19
7912,6.08
7913,1.23
7914,1.19
7915,1.21
7916,416.25
7917,486.8
7918,1.21
7919,1.22
7920,1.92
7921,1.23
7922,1.24
7923,1.25
7924,399.78
7925,452.64
7926,912.07
7927,1.21
7928,635.99
7929,1.22
7930,1.2
7931,1.83
7932,1.29
7933,18.72
7934,1.2
7935,315.46
7936,2.43
7937,2.17
7938,1.98
7939,1.24
7940,1.19
7941,1.22
7942,1.21
7943,1.31
7944,24.48
7945,1.21
7946,344.83
7947,1.3
7948,993.9
7949,1.25
7950,1.19
7951,818.04
7952,1.25
7953,65.88
7954,858.45
7955,1.27
7956,42.97
7957,1.24
7958,1.24
7959,11.44
7960,629.99
7961,1.22
7962,1.23
7963,1.22
7964,173.39
7965,1.23
7966,464.46
7967,1.22
7968,1.22
7969,745.65
7970,895.02
7971,1013.84
7972,1.24
7973,17.93
7974,1.24
7975,1034.46
7976,1.23
7977,844.33
7978,1.22
7979,1.22
7980,1.27
7981,963.55
7982,250.86
7983,619.05
7984,358.25
7985,979.19
7986,198.71
7987,1.25
7988,1.24
7989,638.58
7990,1.2
7991,1.22
7992,1.23
7993,280.55
7994,922.57
7995,1.25
7996,19.11
7997,1.24
7998,1.2
7999,1039.22
8000,1.18
8001,755.83
8002,10.14
8003,1.22
8004,322.64
8005,1.24
8006,363.48
8007,1.2
8008,484.33
8009,1.28
8010,1.3
8011,1.24
8012,1.22
8013,3.44
8014,1.24
8015,1.68
8016,1.29
8017,148.38
8018,1.24
8019,1.22
8020,1.21
8021,11.97
8022,1.2
8023,159.98
8024,692.36
8025,17.24
8026,120.87
8027,41.64
8028,1.2
8029,374.14
8030,1.19
8031,9.96
8032,2.26
8033,1.24
8034,1.21
8035,1.26
8036,1.25
8037,1.28
8038,1.2
8039,1.19
8040,1.24
8041,1.22
8042,1.23
8043,1.22
8044,402.82
8045,1.28
8046,249.63
8047,20.68
8048,895.02
8049,2.92
8050,2.01
8051,1.2
8052,1046.7
8053,454.15
8054,788.03
8055,1.23
8056,1.24
8057,163.47
8058,1.2
8059,1.25
8060,1.21
8061,1.24
8062,1.2
8063,1.2
8064,1.63
8065,1.25
8066,1.27
8067,561.45
8068,1.22
8069,370.2
8070,416.5
8071,1.22
8072,747.09
8073,1.21
8074,8.86
8075,824.63
8076,50.44
8077,686.26
8078,1.2
8079,1.23
8080,133.14
8081,1.2
8082,70.19
8083,1.21
8084,294.76
8085,772.89
8086,2.21
8087,2.01
8088,301.37
8089,1.2
8090,1.23
8091,1.23
8092,1.22
8093,21.82
8094,370.75
8095,1.22
8096,642.65
8097,11.83
8098,1.19
8099,169.84
8100,1.19
8101,1.26
8102,408.47
8103,1.22
8104,1.23
8105,1.8
8106,490.58
8107,1.27
8108,1.28
8109,1.23
8110,1.28
8111,8.56
8112,2.67
8113,35.95
8114,1.21
8115,658.63
8116,901.32
8117,29.34
8118,1.19
8119,1.24
8120,213.39
8121,1.55
8122,1051.18
8123,168.49
8124,1.21
8125,599.34
8126,1.2
8127,165.56
8128,1.2
8129,1.19
8130,1.19
8131,1.26
8132,1.22
8133,26.65
8134,1.2
8135,1.25
8136,906.16
8137,106.75
8138,1.23
8139,1.2
8140,2.28
8141,14.91
8142,248.76
8143,1.3
8144,1.24
8145,1.28
8146,360.77
8147,273.45
8148,1.24
8149,977.68
8150,1.23
8151,1.22
8152,817.94
8153,1.24
8154,991.51
8155,679.77
8156,1.19
8157,88.55
8158,669.1
8159,573.7
8160,867.08
8161,2.65
8162,1.23
8163,2.46
8164,850.41
8165,1.2
8166,1.25
8167,353.73
8168,1.26
8169,66.97
8170,1.25
8171,920.23
